Strategy,Inversed,Instrument,Direction,Session,Trades,Days,P/L,WinRate%,ProfitFactor,InversePF,BestDirection,BestPF,BestP/L,AvgTrade,AvgWin,AvgLoss,AvgMAE,AvgMFE,AvgHoldMin,FirstDate,LastDate,Rating,Confidence,RTH_Trades,RTH_P/L,RTH_PF,ETH_Trades,ETH_P/L,ETH_PF,RTH_Recommendation
1078060,,ALL,ALL,ALL,73,18,-908.25,65.75,0.7861,1.2721,INVERSE,1.2721,908.25,-12.44,69.54,-176.93,33.88,43.31,282.3,2024-11-08,2025-03-03,WORTH EXPLORING,MEDIUM,,,,,,,
1078060,,M2K,Long,ALL,11,8,46.5,72.73,1.1372,0.8794,ORIGINAL,1.1372,46.5,4.23,48.19,-113.0,11.77,7.51,6.0,2024-11-11,2025-03-03,INCONCLUSIVE,LOW,11,46.5,1.1372,,,,
1078060,,M2K,Short,ALL,3,1,192.5,100.0,192.5,0.0,ORIGINAL,192.5,192.5,64.17,64.17,0,13.39,23.61,14.0,2025-03-03,2025-03-03,LOW SAMPLE,VERY LOW,3,192.5,192.5,,,,
1078060,,MES,Long,ALL,12,7,347.5,66.67,2.5444,0.393,ORIGINAL,2.5444,347.5,28.96,71.56,-75.0,19.58,30.21,9.0,2024-11-19,2025-03-03,INCONCLUSIVE,LOW,12,347.5,2.5444,,,,
1078060,,MES,Short,ALL,11,3,-1591.25,63.64,0.1968,5.0801,INVERSE,5.0801,1591.25,-144.66,55.71,-495.31,63.7,112.2,1833.3,2024-11-19,2025-03-03,INCONCLUSIVE,LOW,11,-1591.25,0.1968,,,,
1078060,,MNQ,Long,ALL,24,11,3.5,62.5,1.0028,0.9972,ORIGINAL,1.0028,3.5,0.15,82.37,-136.89,29.34,31.06,4.8,2024-11-08,2025-03-03,INCONCLUSIVE,VERY LOW,22,41.0,1.035,,,,
1078060,,MNQ,Short,ALL,12,3,93.0,58.33,1.1983,0.8345,ORIGINAL,1.1983,93.0,7.75,80.29,-93.8,55.29,55.5,9.0,2024-11-13,2025-03-03,INCONCLUSIVE,LOW,8,11.0,1.0274,4,82.0,2.2059,
2E,,ALL,ALL,ALL,40,12,-4912.5,32.5,0.3413,2.9303,INVERSE,2.9303,4912.5,-122.81,195.77,-276.2,216.29,108.6,11.7,2024-12-16,2025-03-26,PROMISING,MEDIUM,,,,,,,
2E,,ES,Short,ALL,9,6,1012.5,55.56,3.7931,0.2636,ORIGINAL,3.7931,1012.5,112.5,275.0,-90.62,158.33,277.78,8.9,2024-12-19,2025-03-18,LOW SAMPLE,VERY LOW,7,1212.5,8.4615,,,,
2E,,NQ,Long,ALL,7,4,-2350.0,14.29,0.0329,30.375,INVERSE,30.375,2350.0,-335.71,80.0,-405.0,409.29,45.0,8.2,2025-01-08,2025-03-26,LOW SAMPLE,VERY LOW,3,-1065.0,0.0,4,-1285.0,0.0586,Both Weak
2E,,NQ,Short,ALL,8,4,-1910.0,12.5,0.0614,16.28,INVERSE,16.28,1910.0,-238.75,125.0,-290.71,270.0,101.88,11.9,2024-12-30,2025-03-18,LOW SAMPLE,VERY LOW,3,-1340.0,0.0,5,-570.0,0.1799,Both Weak
2E,,RTY,Long,ALL,5,4,435.0,40.0,4.3462,0.2301,ORIGINAL,4.3462,435.0,87.0,282.5,-43.33,37.0,59.0,4.0,2024-12-16,2025-03-18,LOW SAMPLE,VERY LOW,4,480.0,6.6471,,,,
2E,,RTY,Short,ALL,9,4,-1000.0,44.44,0.2857,3.5,INVERSE,3.5,1000.0,-111.11,100.0,-280.0,82.41,45.19,6.7,2025-01-06,2025-03-18,LOW SAMPLE,VERY LOW,5,-1025.0,0.2379,4,25.0,1.4545,ETH ONLY
EMA,,ALL,ALL,ALL,1472,192,-5496.75,48.91,0.9532,1.0491,INVERSE,1.0491,5496.75,-3.73,155.6,-159.25,68.25,60.67,4.8,2024-07-30,2025-11-27,INCONCLUSIVE,VERY LOW,,,,,,,
EMA,,CL,Long,ALL,17,14,-290.0,64.71,0.8872,1.1272,INVERSE,1.1272,290.0,-17.06,207.27,-428.33,87.35,86.18,4.4,2024-07-30,2024-10-17,INCONCLUSIVE,LOW,17,-290.0,0.8872,,,,
EMA,,CL,Short,ALL,3,2,240.0,66.67,1.6667,0.6,ORIGINAL,1.6667,240.0,80.0,300.0,-360.0,43.33,86.67,3.3,2024-08-07,2024-08-08,LOW SAMPLE,VERY LOW,3,240.0,1.6667,,,,
EMA,,ES,Long,ALL,79,55,2725.0,59.49,1.2206,0.8192,ORIGINAL,1.2206,2725.0,34.49,320.74,-385.94,128.24,114.95,5.0,2024-07-30,2025-06-02,WORTH EXPLORING,MEDIUM,54,-1150.0,0.8837,25,3875.0,2.5736,ETH ONLY
EMA,,ES,Short,ALL,22,16,-1150.0,54.55,0.7547,1.3251,INVERSE,1.3251,1150.0,-52.27,294.79,-468.75,117.61,115.34,2.4,2024-08-09,2025-05-13,WORTH EXPLORING,LOW,13,-675.0,0.7642,9,-475.0,0.7397,Both Weak
EMA,,GC,Long,ALL,103,49,-260.0,57.28,0.9819,1.0185,INVERSE,1.0185,260.0,-2.52,238.47,-325.68,100.15,87.14,4.6,2024-07-30,2025-06-09,INCONCLUSIVE,VERY LOW,37,70.0,1.0094,66,-330.0,0.9519,
EMA,,GC,Short,ALL,4,3,360.0,75.0,1.9,0.5263,ORIGINAL,1.9,360.0,90.0,253.33,-400.0,97.5,142.5,10.1,2024-08-07,2025-05-13,LOW SAMPLE,VERY LOW,3,240.0,1.6,,,,
EMA,,M2K,Long,ALL,166,13,-1214.5,32.53,0.5021,1.9918,INVERSE,1.9918,1214.5,-7.32,22.68,-21.97,3.54,3.41,2.4,2025-01-17,2025-11-26,PROMISING,MEDIUM,55,-96.0,0.848,111,-1118.5,0.3812,Both Weak
EMA,,M2K,Short,ALL,154,12,-263.0,29.87,0.7909,1.2643,INVERSE,1.2643,263.0,-1.71,21.63,-11.87,3.31,3.3,2.7,2025-11-12,2025-11-27,WORTH EXPLORING,MEDIUM,35,-97.0,0.8323,119,-166.0,0.7557,Both Weak
EMA,,MES,Long,ALL,84,13,-87.5,70.24,0.9294,1.076,INVERSE,1.076,87.5,-1.04,19.51,-58.99,14.36,13.02,17.5,2025-11-12,2025-11-27,MARGINAL EDGE,VERY LOW,19,-175.0,0.6325,65,87.5,1.1148,
EMA,,MES,Short,ALL,90,14,-58.75,71.11,0.9416,1.062,INVERSE,1.062,58.75,-0.65,14.8,-52.96,10.08,10.8,5.4,2025-06-06,2025-11-27,MARGINAL EDGE,VERY LOW,19,167.5,1.6979,71,-226.25,0.7047,RTH ONLY
EMA,,MNQ,Long,ALL,169,13,233.5,37.28,1.1226,0.8908,ORIGINAL,1.1226,233.5,1.38,33.94,-17.97,15.47,20.23,4.5,2025-11-12,2025-11-27,MARGINAL EDGE,LOW,32,57.5,1.0986,137,176.0,1.1332,
EMA,,MNQ,Short,ALL,166,14,-171.5,38.55,0.9262,1.0797,INVERSE,1.0797,171.5,-1.03,33.61,-22.77,17.76,20.7,3.2,2025-06-06,2025-11-27,MARGINAL EDGE,VERY LOW,45,-16.5,0.9834,121,-155.0,0.8832,
EMA,,NQ,Long,ALL,176,104,-3240.0,59.09,0.9012,1.1097,INVERSE,1.1097,3240.0,-18.41,284.04,-455.28,235.69,201.28,5.3,2024-07-30,2025-06-09,MARGINAL EDGE,LOW,109,-5045.0,0.7827,67,1805.0,1.1887,ETH ONLY
EMA,,NQ,Short,ALL,53,34,-4870.0,49.06,0.6597,1.5159,INVERSE,1.5159,4870.0,-91.89,363.08,-530.0,260.57,205.19,4.5,2024-08-09,2025-06-06,STRONG EDGE,HIGH,21,-4950.0,0.3762,32,80.0,1.0125,
EMA,,RTY,Long,ALL,125,77,3995.0,62.4,1.2308,0.8125,ORIGINAL,1.2308,3995.0,31.96,273.14,-368.3,59.51,57.13,4.5,2024-07-30,2025-06-10,WORTH EXPLORING,MEDIUM,88,5910.0,1.467,37,-1915.0,0.5886,RTH ONLY
EMA,,RTY,Short,ALL,25,17,1315.0,60.0,1.4808,0.6753,ORIGINAL,1.4808,1315.0,52.6,270.0,-273.5,64.6,55.8,3.2,2024-08-07,2025-05-07,WORTH EXPLORING,MEDIUM,17,1070.0,1.5035,8,245.0,1.4016,Both Good
EMA,,YM,Long,ALL,33,23,-2870.0,33.33,0.4787,2.0892,INVERSE,2.0892,2870.0,-86.97,239.55,-250.23,69.55,46.52,3.0,2024-08-20,2025-02-05,STRONG EDGE,MEDIUM,27,-2830.0,0.4531,6,-40.0,0.8788,Both Weak
EMA,,YM,Short,ALL,3,2,110.0,66.67,6.5,0.1538,ORIGINAL,6.5,110.0,36.67,65.0,-20.0,3.33,18.33,0.5,2024-08-14,2024-08-20,LOW SAMPLE,VERY LOW,,,,3,110.0,6.5,
EMA-1M,,ALL,ALL,ALL,186,33,-367.0,44.09,0.9784,1.0221,INVERSE,1.0221,367.0,-1.97,202.41,-164.71,122.68,139.01,3.4,2025-11-25,2026-01-13,INCONCLUSIVE,VERY LOW,,,,,,,
EMA-1M,,MNQ,Short,ALL,3,1,77.5,100.0,77.5,0.0,ORIGINAL,77.5,77.5,25.83,25.83,0,6.33,26.83,3.0,2025-11-25,2025-11-25,LOW SAMPLE,VERY LOW,,,,3,77.5,77.5,
EMA-1M,,NQ,Long,ALL,89,25,-210.0,42.7,0.972,1.0288,INVERSE,1.0288,210.0,-2.36,191.84,-147.06,120.45,123.88,3.7,2025-12-01,2026-01-13,INCONCLUSIVE,VERY LOW,47,245.0,1.0508,42,-455.0,0.8299,
EMA-1M,,NQ,Short,ALL,93,30,-270.0,43.01,0.9715,1.0294,INVERSE,1.0294,270.0,-2.9,229.88,-182.02,129.89,158.23,3.0,2025-11-26,2026-01-13,INCONCLUSIVE,VERY LOW,62,-1110.0,0.8632,31,840.0,1.6222,ETH ONLY
EMA-2M,,ALL,ALL,ALL,63,29,-3178.5,36.51,0.6263,1.5967,INVERSE,1.5967,3178.5,-50.45,231.59,-212.62,180.56,162.89,6.2,2025-11-25,2026-01-12,STRONG EDGE,HIGH,,,,,,,
EMA-2M,,NQ,Long,ALL,28,16,-2135.0,35.71,0.4669,2.1417,INVERSE,2.1417,2135.0,-76.25,187.0,-222.5,183.93,141.61,6.1,2025-11-26,2026-01-12,WORTH EXPLORING,MEDIUM,14,-1505.0,0.4098,14,-630.0,0.567,Both Weak
EMA-2M,,NQ,Short,ALL,33,21,-1095.0,33.33,0.7567,1.3216,INVERSE,1.3216,1095.0,-33.18,309.55,-204.55,188.48,189.24,6.4,2025-11-26,2026-01-12,PROMISING,MEDIUM,22,-505.0,0.8453,11,-590.0,0.5223,Both Weak
EMA-3M,,ALL,ALL,ALL,14,10,18.0,50.0,1.0084,0.9917,ORIGINAL,1.0084,18.0,1.29,309.0,-306.43,205.11,201.71,5.8,2025-11-25,2026-01-12,INCONCLUSIVE,VERY LOW,,,,,,,
EMA-3M,,NQ,Long,ALL,13,9,-10.0,46.15,0.9953,1.0047,INVERSE,1.0047,10.0,-0.77,355.83,-306.43,220.38,215.0,5.1,2025-12-02,2026-01-12,INCONCLUSIVE,VERY LOW,7,-510.0,0.7102,6,500.0,2.2987,ETH ONLY
EMA-5M,,ALL,ALL,ALL,29,18,-302.5,41.38,0.9492,1.0535,INVERSE,1.0535,302.5,-10.43,471.25,-350.44,254.05,256.12,19.2,2025-06-05,2026-01-12,INCONCLUSIVE,VERY LOW,,,,,,,
EMA-5M,,NQ,Long,ALL,17,12,-880.0,35.29,0.7525,1.329,INVERSE,1.329,880.0,-51.76,445.83,-323.18,271.76,295.88,23.3,2025-06-09,2026-01-12,INCONCLUSIVE,LOW,4,-135.0,0.8851,13,-745.0,0.687,Both Weak
EMA-5M,,NQ,Short,ALL,9,7,-65.0,44.44,0.9647,1.0366,INVERSE,1.0366,65.0,-7.22,443.75,-368.0,284.44,241.67,16.4,2025-12-04,2026-01-08,LOW SAMPLE,VERY LOW,5,-925.0,0.451,4,860.0,6.5484,ETH ONLY
EMA-HTF,,ALL,ALL,ALL,316,89,-4804.0,59.81,0.9357,1.0687,INVERSE,1.0687,4804.0,-15.2,370.14,-607.8,215.86,188.88,22.5,2024-09-12,2025-06-03,MARGINAL EDGE,VERY LOW,,,,,,,
EMA-HTF,,CL,Long,ALL,27,17,-1780.0,48.15,0.7096,1.4092,INVERSE,1.4092,1780.0,-65.93,334.62,-437.86,131.85,93.7,23.4,2024-09-17,2024-10-22,WORTH EXPLORING,MEDIUM,7,410.0,1.3083,20,-2190.0,0.5437,RTH ONLY
EMA-HTF,,CL,Short,ALL,11,8,-3440.0,36.36,0.3397,2.9435,INVERSE,2.9435,3440.0,-312.73,442.5,-744.29,195.45,84.55,24.1,2024-10-11,2024-10-24,INCONCLUSIVE,LOW,5,-3240.0,0.136,6,-200.0,0.863,Both Weak
EMA-HTF,,ES,Long,ALL,47,35,6637.5,74.47,1.9283,0.5186,ORIGINAL,1.9283,6637.5,141.22,393.93,-595.83,197.87,156.12,22.4,2024-09-13,2025-05-13,STRONG EDGE,MEDIUM,28,5587.5,2.2213,19,1050.0,1.4078,Both Good
EMA-HTF,,ES,Short,ALL,12,11,-800.0,58.33,0.7419,1.3478,INVERSE,1.3478,800.0,-66.67,328.57,-620.0,188.54,166.67,10.8,2024-10-15,2025-05-05,INCONCLUSIVE,LOW,3,175.0,1.2917,9,-975.0,0.61,RTH ONLY
EMA-HTF,,GC,Long,ALL,79,57,13730.0,77.22,2.1338,0.4687,ORIGINAL,2.1338,13730.0,173.8,423.61,-672.78,130.11,176.1,21.8,2024-09-18,2025-03-24,STRONG EDGE,HIGH,23,5160.0,2.1835,56,8570.0,2.1058,Both Good
EMA-HTF,,GC,Short,ALL,13,10,-7100.0,15.38,0.1158,8.6344,INVERSE,8.6344,7100.0,-546.15,465.0,-803.0,270.0,96.15,21.5,2024-10-11,2025-06-03,INCONCLUSIVE,LOW,3,-2510.0,0.0,10,-4590.0,0.1685,Both Weak
EMA-HTF,,NQ,Long,ALL,54,40,-3855.0,51.85,0.7322,1.3657,INVERSE,1.3657,3855.0,-71.39,376.43,-599.79,398.01,298.01,37.8,2024-09-12,2025-06-03,PROMISING,HIGH,15,1755.0,1.5087,39,-5610.0,0.4874,RTH ONLY
EMA-HTF,,NQ,Short,ALL,30,19,-4045.0,53.33,0.5843,1.7115,INVERSE,1.7115,4045.0,-134.83,355.31,-695.0,348.17,330.33,14.3,2024-10-11,2025-05-28,STRONG EDGE,MEDIUM,7,-730.0,0.6958,23,-3315.0,0.5477,Both Weak
EMA-HTF,,RTY,Long,ALL,27,21,-1920.0,59.26,0.6209,1.6105,INVERSE,1.6105,1920.0,-71.11,196.56,-506.5,138.41,55.29,17.4,2024-09-12,2025-05-13,WORTH EXPLORING,MEDIUM,13,-2610.0,0.3888,14,690.0,1.8679,ETH ONLY
EMA-HTF,,RTY,Short,ALL,13,8,-2510.0,30.77,0.3464,2.8872,INVERSE,2.8872,2510.0,-193.08,332.5,-426.67,112.55,320.0,0.8,2024-09-20,2025-05-15,INCONCLUSIVE,LOW,3,495.0,1.825,10,-3005.0,0.0725,RTH ONLY
EMA-HTF-Retest,,ALL,ALL,ALL,10,8,-1320.0,40.0,0.5518,1.8123,INVERSE,1.8123,1320.0,-132.0,406.25,-490.83,219.17,177.0,29.3,2025-05-05,2025-06-09,INCONCLUSIVE,LOW,,,,,,,
EMA-HTF-Runner,,ALL,ALL,ALL,48,29,15357.5,72.92,2.9231,0.3421,ORIGINAL,2.9231,15357.5,319.95,666.96,-614.31,84.58,199.51,39.7,2024-11-12,2025-01-10,STRONG EDGE,MEDIUM,,,,,,,
EMA-HTF-Runner,,GC,Long,ALL,17,13,8830.0,76.47,5.4596,0.1832,ORIGINAL,5.4596,8830.0,519.41,831.54,-495.0,138.43,275.1,31.0,2024-11-13,2025-01-02,INCONCLUSIVE,LOW,6,3050.0,10.2424,11,5780.0,4.503,Both Good
EMA-HTF-Runner,,MES,Long,ALL,7,7,62.5,71.43,1.0362,0.965,ORIGINAL,1.0362,62.5,8.93,357.5,-862.5,23.21,35.0,36.2,2024-12-10,2025-01-10,LOW SAMPLE,VERY LOW,6,87.5,1.0515,,,,
EMA-HTF-Runner,,MGC,Long,ALL,18,12,5480.0,72.22,2.5626,0.3902,ORIGINAL,2.5626,5480.0,304.44,691.31,-701.4,16.19,39.8,54.0,2024-12-11,2025-01-10,INCONCLUSIVE,LOW,5,2343.0,3.423,13,3137.0,2.235,Both Good
EMA-HTF-Runner,,MGC,Short,ALL,3,1,-215.0,33.33,0.7222,1.3846,INVERSE,1.3846,215.0,-71.67,559.0,-387.0,21.66,8.67,57.6,2025-01-01,2025-01-01,LOW SAMPLE,VERY LOW,,,,3,-215.0,0.7222,
EMA-HTF-Short,,ALL,ALL,ALL,33,16,-3440.0,45.45,0.6263,1.5967,INVERSE,1.5967,3440.0,-104.24,384.33,-511.39,250.98,208.11,22.5,2024-12-26,2025-02-05,STRONG EDGE,MEDIUM,,,,,,,
EMA-HTF-Short,,ES,Short,ALL,8,6,-275.0,50.0,0.8764,1.141,INVERSE,1.141,275.0,-34.38,487.5,-556.25,242.19,201.56,9.8,2024-12-30,2025-02-05,LOW SAMPLE,VERY LOW,6,-1075.0,0.5169,,,,
EMA-HTF-Short,,GC,Short,ALL,6,4,-230.0,66.67,0.8345,1.1983,INVERSE,1.1983,230.0,-38.33,290.0,-695.0,180.0,140.0,32.8,2024-12-26,2025-01-23,LOW SAMPLE,VERY LOW,,,,5,650.0,2.2745,
EMA-HTF-Short,,NQ,Short,ALL,17,11,-1805.0,35.29,0.5372,1.8616,INVERSE,1.8616,1805.0,-106.18,349.17,-354.55,296.18,252.35,27.0,2024-12-30,2025-01-30,INCONCLUSIVE,LOW,3,-1435.0,0.0,14,-370.0,0.8499,Both Weak
EMA-LTF,,ALL,ALL,ALL,45,22,-2330.0,53.33,0.7975,1.2539,INVERSE,1.2539,2330.0,-51.78,382.4,-547.98,168.04,166.95,2.8,2025-03-24,2025-06-10,WORTH EXPLORING,MEDIUM,,,,,,,
EMA-LTF,,ES,Long,ALL,10,8,-275.0,50.0,0.8346,1.1982,INVERSE,1.1982,275.0,-27.5,277.5,-332.5,188.12,144.38,6.3,2025-04-09,2025-06-09,INCONCLUSIVE,LOW,6,-287.5,0.7229,4,12.5,1.02,
EMA-LTF,,GC,Short,ALL,4,3,-510.0,50.0,0.5785,1.7286,INVERSE,1.7286,510.0,-127.5,350.0,-605.0,96.67,78.33,2.7,2025-06-05,2025-06-09,LOW SAMPLE,VERY LOW,,,,3,-870.0,0.281,
EMA-LTF,,NQ,Long,ALL,21,15,-1050.0,52.38,0.8273,1.2087,INVERSE,1.2087,1050.0,-50.0,457.27,-608.0,232.07,250.55,2.0,2025-03-24,2025-06-10,WORTH EXPLORING,LOW,7,805.0,1.5855,14,-1855.0,0.6057,RTH ONLY
EMA-LTF,,NQ,Short,ALL,6,4,-415.0,50.0,0.7855,1.273,INVERSE,1.273,415.0,-69.17,506.67,-645.0,49.6,53.67,1.0,2025-06-03,2025-06-09,LOW SAMPLE,VERY LOW,4,-210.0,0.8279,,,,
EMA-Other,,ALL,ALL,ALL,80,27,-2420.5,51.25,0.7243,1.3806,INVERSE,1.3806,2420.5,-30.26,155.11,-225.13,80.41,77.84,7.0,2024-10-24,2025-02-04,PROMISING,HIGH,,,,,,,
EMA-Other,,ES,Long,ALL,18,10,-712.5,44.44,0.6761,1.479,INVERSE,1.479,712.5,-39.58,185.94,-220.0,111.81,179.86,12.6,2025-01-09,2025-01-30,INCONCLUSIVE,LOW,11,-50.0,0.9658,7,-662.5,0.1017,
EMA-Other,,ES,Short,ALL,3,2,-1425.0,0.0,0.0,1425.0,INVERSE,1425.0,1425.0,-475.0,0,-475.0,237.5,50.0,6.6,2024-10-24,2025-01-30,LOW SAMPLE,VERY LOW,3,-1425.0,0.0,,,,
EMA-Other,,RTY,Short,ALL,3,2,480.0,100.0,480.0,0.0,ORIGINAL,480.0,480.0,160.0,160.0,0,16.67,55.0,0.9,2024-10-25,2024-10-31,LOW SAMPLE,VERY LOW,3,480.0,480.0,,,,
EMA-Other,,YM,Long,ALL,49,19,-1295.0,51.02,0.7212,1.3866,INVERSE,1.3866,1295.0,-26.43,134.0,-193.54,68.21,45.66,5.9,2024-12-26,2025-02-04,PROMISING,MEDIUM,19,-1375.0,0.5528,30,80.0,1.051,
EMA-Other,,YM,Short,ALL,5,4,270.0,60.0,1.5294,0.6538,ORIGINAL,1.5294,270.0,54.0,260.0,-255.0,53.0,71.0,2.9,2024-10-24,2024-11-04,LOW SAMPLE,VERY LOW,5,270.0,1.5294,,,,
EMA-Runner,YES,ALL,ALL,ALL,682,83,7571.25,58.5,1.0731,0.9319,ORIGINAL,1.0731,7571.25,11.1,278.73,-378.26,102.75,59.3,12.3,2024-10-30,2026-02-27,MARGINAL EDGE,VERY LOW,,,,,,,
EMA-Runner,YES,ES,Long,ALL,42,27,2762.5,66.67,1.1117,0.8995,ORIGINAL,1.1117,2762.5,65.77,981.7,-2247.73,282.8,182.67,27.8,2025-04-14,2025-06-10,INCONCLUSIVE,LOW,8,850.0,1.3636,34,1912.5,1.0854,
EMA-Runner,YES,ES,Short,ALL,28,23,3412.5,64.29,2.4837,0.4026,ORIGINAL,2.4837,3412.5,121.88,317.36,-230.0,252.23,159.18,21.8,2025-04-15,2025-06-09,WORTH EXPLORING,MEDIUM,8,-50.0,0.9753,20,3462.5,13.5909,
EMA-Runner,YES,M2K,Long,ALL,46,17,-1226.0,50.0,0.8625,1.1594,INVERSE,1.1594,1226.0,-26.65,334.5,-387.8,13.26,12.39,13.3,2024-11-13,2026-02-24,WORTH EXPLORING,MEDIUM,37,-1315.0,0.8472,9,89.0,1.283,ETH ONLY
EMA-Runner,YES,M2K,Short,ALL,51,7,790.0,58.82,1.3669,0.7316,ORIGINAL,1.3669,790.0,15.49,98.1,-102.52,6.9,8.46,7.3,2024-11-27,2026-02-24,WORTH EXPLORING,LOW,31,290.0,1.1671,20,500.0,2.1976,Both Good
EMA-Runner,YES,MES,Long,ALL,94,16,310.0,52.13,1.0343,0.9669,ORIGINAL,1.0343,310.0,3.3,191.02,-215.48,23.34,17.3,8.1,2025-01-09,2026-02-27,INCONCLUSIVE,VERY LOW,71,-203.75,0.9755,23,513.75,1.6966,
EMA-Runner,YES,MES,Short,ALL,100,11,2796.25,62.0,1.4505,0.6894,ORIGINAL,1.4505,2796.25,27.96,145.22,-167.77,15.84,14.71,5.6,2026-02-13,2026-02-27,PROMISING,MEDIUM,54,811.25,1.2064,46,1985.0,1.8716,Both Good
EMA-Runner,YES,MNQ,Long,ALL,123,32,517.5,54.47,1.0444,0.9575,ORIGINAL,1.0444,517.5,4.21,181.86,-208.34,31.91,25.15,7.5,2024-10-31,2026-02-27,INCONCLUSIVE,VERY LOW,95,87.5,1.0083,28,430.0,1.3897,
EMA-Runner,YES,MNQ,Short,ALL,82,11,2188.5,65.85,1.491,0.6707,ORIGINAL,1.491,2188.5,26.69,123.06,-159.18,29.56,22.38,5.3,2026-02-13,2026-02-27,PROMISING,MEDIUM,50,1648.0,1.5748,32,540.5,1.3399,Both Good
EMA-Runner,YES,NQ,Long,ALL,43,27,-2590.0,60.47,0.8182,1.2221,INVERSE,1.2221,2590.0,-60.23,448.46,-890.62,511.63,231.05,26.5,2025-04-14,2025-06-09,WORTH EXPLORING,MEDIUM,5,2350.0,471.0,38,-4940.0,0.6532,RTH ONLY
EMA-Runner,YES,NQ,Short,ALL,33,25,1970.0,57.58,1.433,0.6979,ORIGINAL,1.433,1970.0,59.7,343.16,-350.0,348.41,212.2,16.1,2025-04-14,2025-06-09,PROMISING,MEDIUM,7,285.0,1.2969,26,1685.0,1.4694,Both Good
EMA-Runner,YES,RTY,Long,ALL,26,20,-450.0,50.0,0.9545,1.0476,INVERSE,1.0476,450.0,-17.31,726.92,-761.54,127.36,54.7,26.1,2024-10-30,2025-06-09,INCONCLUSIVE,VERY LOW,8,410.0,1.3004,18,-860.0,0.8992,RTH ONLY
EMA-Runner,YES,RTY,Short,ALL,14,12,-2910.0,71.43,0.4675,2.1389,INVERSE,2.1389,2910.0,-207.86,255.5,-1366.25,231.43,66.07,42.7,2025-04-16,2025-06-03,INCONCLUSIVE,LOW,4,-630.0,0.5594,10,-2280.0,0.4349,Both Weak
EMA-Runner-AH,YES,ALL,ALL,ALL,915,12,13622.0,58.69,1.5467,0.6465,ORIGINAL,1.5467,13622.0,14.89,71.77,-67.53,9.79,8.55,7.1,2026-02-15,2026-02-27,PROMISING,MEDIUM,,,,,,,
EMA-Runner-AH,YES,M2K,Long,ALL,169,10,1927.5,57.99,1.7275,0.5789,ORIGINAL,1.7275,1927.5,11.41,46.7,-37.32,3.27,2.93,6.1,2026-02-15,2026-02-27,PROMISING,MEDIUM,,,,169,1927.5,1.7275,
EMA-Runner-AH,YES,M2K,Short,ALL,106,10,1584.5,61.32,1.8947,0.5278,ORIGINAL,1.8947,1584.5,14.95,51.62,-45.41,3.82,3.49,5.5,2026-02-15,2026-02-27,PROMISING,MEDIUM,,,,106,1584.5,1.8947,
EMA-Runner-AH,YES,MES,Long,ALL,164,11,3368.75,55.49,1.4819,0.6748,ORIGINAL,1.4819,3368.75,20.54,113.85,-98.47,9.86,10.09,15.4,2026-02-15,2026-02-27,PROMISING,MEDIUM,,,,164,3368.75,1.4819,
EMA-Runner-AH,YES,MES,Short,ALL,126,12,1861.25,55.56,1.4896,0.6713,ORIGINAL,1.4896,1861.25,14.77,80.89,-73.1,8.92,7.55,5.5,2026-02-15,2026-02-27,PROMISING,MEDIUM,,,,126,1861.25,1.4896,
EMA-Runner-AH,YES,MNQ,Long,ALL,212,11,1880.5,62.26,1.3073,0.7649,ORIGINAL,1.3073,1880.5,8.87,60.6,-76.48,14.18,11.59,5.0,2026-02-15,2026-02-27,PROMISING,MEDIUM,,,,212,1880.5,1.3073,
EMA-Runner-AH,YES,MNQ,Short,ALL,138,12,2999.5,58.7,1.8366,0.5445,ORIGINAL,1.8366,2999.5,21.74,81.3,-64.03,16.34,13.76,4.5,2026-02-15,2026-02-27,PROMISING,MEDIUM,,,,138,2999.5,1.8366,
EMA-Runner-Inv,YES,ALL,ALL,ALL,540,9,7952.5,57.78,1.2433,0.8043,ORIGINAL,1.2433,7952.5,14.73,130.27,-152.77,18.52,14.89,6.6,2025-12-11,2025-12-23,WORTH EXPLORING,LOW,,,,,,,
EMA-Runner-Inv,YES,M2K,Long,ALL,101,9,2733.0,65.35,1.6385,0.6103,ORIGINAL,1.6385,2733.0,27.06,106.27,-122.3,8.69,7.27,5.9,2025-12-11,2025-12-23,WORTH EXPLORING,LOW,85,2440.0,1.6048,16,293.0,2.1911,Both Good
EMA-Runner-Inv,YES,M2K,Short,ALL,77,8,485.5,61.04,1.1441,0.874,ORIGINAL,1.1441,485.5,6.31,82.0,-112.28,7.52,6.27,6.9,2025-12-11,2025-12-22,MARGINAL EDGE,LOW,44,496.0,1.1881,33,-10.5,0.9857,
EMA-Runner-Inv,YES,MES,Long,ALL,99,9,4781.25,58.59,2.0882,0.4789,ORIGINAL,2.0882,4781.25,48.3,158.19,-125.54,15.22,16.51,6.0,2025-12-11,2025-12-23,WORTH EXPLORING,LOW,75,4315.0,2.0945,24,466.25,2.0332,Both Good
EMA-Runner-Inv,YES,MES,Short,ALL,93,9,-368.75,51.61,0.9501,1.0525,INVERSE,1.0525,368.75,-3.97,146.38,-199.86,17.1,13.94,8.2,2025-12-11,2025-12-23,MARGINAL EDGE,VERY LOW,57,-245.0,0.9603,36,-123.75,0.8992,
EMA-Runner-Inv,YES,MNQ,Long,ALL,91,9,-1961.5,54.95,0.7758,1.289,INVERSE,1.289,1961.5,-21.55,135.75,-213.39,35.3,23.34,6.1,2025-12-11,2025-12-23,WORTH EXPLORING,LOW,67,-1568.5,0.7842,24,-393.0,0.7345,Both Weak
EMA-Runner-Inv,YES,MNQ,Short,ALL,79,9,2283.0,54.43,1.5068,0.6637,ORIGINAL,1.5068,2283.0,28.9,157.86,-125.14,28.26,22.42,6.9,2025-12-11,2025-12-23,WORTH EXPLORING,LOW,44,2049.5,1.6177,35,233.5,1.1967,Both Good
EMA-Short,,ALL,ALL,ALL,191,69,-2318.0,62.83,0.9175,1.0899,INVERSE,1.0899,2318.0,-12.14,214.92,-395.89,161.74,133.95,5.0,2024-10-01,2025-02-09,MARGINAL EDGE,VERY LOW,,,,,,,
EMA-Short,,CL,Short,ALL,6,6,120.0,50.0,1.2222,0.8182,ORIGINAL,1.2222,120.0,20.0,220.0,-180.0,71.67,95.0,3.2,2024-10-10,2024-10-21,LOW SAMPLE,VERY LOW,6,120.0,1.2222,,,,
EMA-Short,,ES,Short,ALL,10,8,-2225.0,40.0,0.3597,2.78,INVERSE,2.78,2225.0,-222.5,312.5,-579.17,183.75,127.5,4.6,2024-10-01,2025-02-07,INCONCLUSIVE,LOW,10,-2225.0,0.3597,,,,
EMA-Short,,GC,Short,ALL,35,30,1600.0,71.43,1.4908,0.6708,ORIGINAL,1.4908,1600.0,45.71,194.4,-326.0,97.71,86.86,7.1,2024-10-02,2025-02-07,PROMISING,MEDIUM,25,1380.0,1.5702,10,220.0,1.2619,Both Good
EMA-Short,,NQ,Short,ALL,96,49,-290.0,59.38,0.9793,1.0212,INVERSE,1.0212,290.0,-3.02,240.18,-358.46,222.76,191.04,4.7,2024-10-01,2025-02-09,INCONCLUSIVE,VERY LOW,58,115.0,1.0109,38,-405.0,0.8826,
EMA-Short,,RTY,Short,ALL,39,27,-40.0,74.36,0.9918,1.0083,INVERSE,1.0083,40.0,-1.03,166.21,-486.0,75.0,50.77,2.7,2024-10-01,2025-02-06,INCONCLUSIVE,VERY LOW,39,-40.0,0.9918,,,,
EMA-Short-Micro,,ALL,ALL,ALL,5,4,97.0,80.0,2.3759,0.4209,ORIGINAL,2.3759,97.0,19.4,41.88,-70.5,30.8,39.1,4.4,2024-12-17,2025-01-02,LOW SAMPLE,VERY LOW,,,,,,,
EMA-Short-Micro,,MNQ,Short,ALL,5,4,97.0,80.0,2.3759,0.4209,ORIGINAL,2.3759,97.0,19.4,41.88,-70.5,30.8,39.1,4.4,2024-12-17,2025-01-02,LOW SAMPLE,VERY LOW,5,97.0,2.3759,,,,
EMA-Wick,,ALL,ALL,ALL,68,22,-1050.0,52.94,0.9402,1.0636,INVERSE,1.0636,1050.0,-15.44,458.4,-548.52,133.03,113.59,2.6,2025-04-23,2025-06-01,MARGINAL EDGE,VERY LOW,,,,,,,
EMA-Wick,,ES,Long,ALL,10,5,-625.0,50.0,0.7619,1.3125,INVERSE,1.3125,625.0,-62.5,400.0,-525.0,107.08,87.92,1.9,2025-04-28,2025-05-30,INCONCLUSIVE,LOW,5,-612.5,0.608,5,-12.5,0.9882,
EMA-Wick,,GC,Long,ALL,4,4,740.0,75.0,2.2759,0.4394,ORIGINAL,2.2759,740.0,185.0,440.0,-580.0,120.0,115.0,9.0,2025-05-19,2025-06-01,LOW SAMPLE,VERY LOW,,,,,,,
EMA-Wick,,NQ,Long,ALL,22,14,875.0,59.09,1.1823,0.8458,ORIGINAL,1.1823,875.0,39.77,436.54,-533.33,137.23,145.05,2.1,2025-04-24,2025-05-30,WORTH EXPLORING,LOW,11,-975.0,0.6875,11,1850.0,2.1012,ETH ONLY
EMA-Wick,,NQ,Short,ALL,19,9,-1205.0,47.37,0.8,1.25,INVERSE,1.25,1205.0,-63.42,535.56,-602.5,200.33,141.51,3.1,2025-04-23,2025-05-13,INCONCLUSIVE,LOW,10,-2595.0,0.3405,9,1390.0,1.6651,ETH ONLY
EMA-Wick,,RTY,Long,ALL,8,6,-1010.0,37.5,0.5826,1.7163,INVERSE,1.7163,1010.0,-126.25,470.0,-484.0,57.5,38.12,1.8,2025-04-30,2025-05-07,LOW SAMPLE,VERY LOW,7,-825.0,0.6309,,,,
Engulf,,ALL,ALL,ALL,10,7,-1726.5,50.0,0.3763,2.6577,INVERSE,2.6577,1726.5,-172.65,208.3,-553.6,50.23,31.18,4.0,2024-12-11,2025-06-06,INCONCLUSIVE,LOW,,,,,,,
Engulf,,MNQ,Long,ALL,9,6,-1111.5,55.56,0.4837,2.0672,INVERSE,2.0672,1111.5,-123.5,208.3,-538.25,31.36,29.08,4.3,2024-12-11,2024-12-31,LOW SAMPLE,VERY LOW,9,-1111.5,0.4837,,,,
HA-Rev-1M,,ALL,ALL,ALL,1922,28,-12677.75,41.62,0.7791,1.2835,INVERSE,1.2835,12677.75,-6.6,55.91,-51.53,29.73,30.62,98.0,2025-10-27,2026-02-27,WORTH EXPLORING,MEDIUM,,,,,,,
HA-Rev-1M,,CL,Long,ALL,58,6,-70.0,62.07,0.975,1.0256,INVERSE,1.0256,70.0,-1.21,75.83,-127.27,37.84,33.71,5.2,2025-10-27,2026-02-27,INCONCLUSIVE,VERY LOW,10,70.0,1.1094,48,-140.0,0.9352,
HA-Rev-1M,,CL,Short,ALL,66,6,-2250.0,48.48,0.5975,1.6737,INVERSE,1.6737,2250.0,-34.09,104.38,-164.41,70.49,40.12,25.8,2025-10-27,2026-02-27,WORTH EXPLORING,LOW,18,-1260.0,0.4615,48,-990.0,0.6954,Both Weak
HA-Rev-1M,,ES,Long,ALL,20,5,2575.0,55.0,1.8443,0.5422,ORIGINAL,1.8443,2575.0,128.75,511.36,-338.89,403.26,743.61,8416.8,2025-10-27,2025-11-04,WORTH EXPLORING,LOW,10,1050.0,3.8,10,1525.0,1.5701,Both Good
HA-Rev-1M,,ES,Short,ALL,69,7,-7512.5,31.88,0.2828,3.5359,INVERSE,3.5359,7512.5,-108.88,134.66,-227.72,162.25,187.02,85.4,2025-10-28,2026-02-27,WORTH EXPLORING,LOW,14,-2462.5,0.2423,55,-5050.0,0.301,Both Weak
HA-Rev-1M,,GC,Long,ALL,4,1,-920.0,0.0,0.0,920.0,INVERSE,920.0,920.0,-230.0,0,-230.0,235.0,100.0,4.3,2025-10-27,2025-10-27,LOW SAMPLE,VERY LOW,,,,4,-920.0,0.0,
HA-Rev-1M,,GC,Short,ALL,8,1,-250.0,37.5,0.7368,1.3571,INVERSE,1.3571,250.0,-31.25,233.33,-190.0,131.25,117.5,2.8,2025-10-27,2025-10-27,LOW SAMPLE,VERY LOW,,,,8,-250.0,0.7368,
HA-Rev-1M,,M2K,Long,ALL,126,19,2427.5,48.41,3.8728,0.2582,ORIGINAL,3.8728,2427.5,19.27,53.65,-13.0,13.17,9.79,54.6,2025-11-04,2025-11-27,STRONG EDGE,MEDIUM,34,352.5,2.4506,92,2075.0,4.4468,Both Good
HA-Rev-1M,,M2K,Short,ALL,310,20,-2511.0,38.06,0.3528,2.8342,INVERSE,2.8342,2511.0,-8.1,11.6,-20.86,5.73,4.91,-10.0,2025-11-04,2025-11-27,STRONG EDGE,HIGH,60,-1734.5,0.1843,250,-776.5,0.5572,Both Weak
HA-Rev-1M,,MES,Long,ALL,288,20,-1163.75,41.67,0.7187,1.3913,INVERSE,1.3913,1163.75,-4.04,24.78,-24.78,12.16,10.05,4.9,2025-11-04,2025-11-27,PROMISING,HIGH,93,-777.5,0.5897,195,-386.25,0.8278,Both Weak
HA-Rev-1M,,MES,Short,ALL,247,20,-60.0,44.53,0.983,1.0173,INVERSE,1.0173,60.0,-0.24,31.59,-25.8,9.98,10.21,4.6,2025-11-02,2025-11-27,INCONCLUSIVE,VERY LOW,52,586.25,1.5975,195,-646.25,0.7469,RTH ONLY
HA-Rev-1M,,MNQ,Long,ALL,262,20,-2310.5,35.11,0.4979,2.0085,INVERSE,2.0085,2310.5,-8.82,24.9,-27.07,21.66,16.88,10.6,2025-11-04,2025-11-27,STRONG EDGE,HIGH,72,-480.5,0.6393,190,-1830.0,0.4403,Both Weak
HA-Rev-1M,,MNQ,Short,ALL,218,18,-42.5,37.61,0.9831,1.0172,INVERSE,1.0172,42.5,-0.19,30.13,-18.48,19.03,17.46,8.9,2025-11-04,2025-11-27,INCONCLUSIVE,VERY LOW,52,629.0,2.1006,166,-671.5,0.6542,RTH ONLY
HA-Rev-1M,,NQ,Long,ALL,3,1,-25.0,66.67,0.8529,1.1724,INVERSE,1.1724,25.0,-8.33,72.5,-170.0,49.17,39.17,0.5,2025-10-27,2025-10-27,LOW SAMPLE,VERY LOW,,,,3,-25.0,0.8529,
HA-Rev-1M,,RTY,Long,ALL,119,8,-1180.0,44.54,0.7967,1.2551,INVERSE,1.2551,1180.0,-9.92,87.26,-87.95,32.88,28.32,3.3,2025-10-27,2025-11-04,WORTH EXPLORING,LOW,24,-370.0,0.755,95,-810.0,0.8114,Both Weak
HA-Rev-1M,,RTY,Short,ALL,118,9,795.0,47.46,1.117,0.8953,ORIGINAL,1.117,795.0,6.74,135.54,-109.6,44.42,39.39,5.9,2025-10-27,2026-02-27,MARGINAL EDGE,LOW,24,595.0,1.2366,94,200.0,1.0467,
HA-Rev-1M,,YM,Short,ALL,6,1,-180.0,33.33,0.8652,1.1558,INVERSE,1.1558,180.0,-30.0,577.5,-333.75,85.83,99.17,3.0,2026-02-27,2026-02-27,LOW SAMPLE,VERY LOW,4,-240.0,0.7746,,,,
KeyBar-Levels,,ALL,ALL,ALL,47,25,-1277.5,51.06,0.8317,1.2023,INVERSE,1.2023,1277.5,-27.18,263.12,-330.11,144.14,126.6,10.0,2025-02-24,2025-05-19,WORTH EXPLORING,MEDIUM,,,,,,,
KeyBar-Levels,,ES,Long,ALL,20,19,-2062.5,35.0,0.4795,2.0855,INVERSE,2.0855,2062.5,-103.12,271.43,-304.81,179.06,138.44,13.9,2025-02-25,2025-05-09,WORTH EXPLORING,LOW,4,200.0,1.3333,16,-2262.5,0.3271,RTH ONLY
KeyBar-Levels,,NQ,Long,ALL,6,3,1035.0,83.33,2.4577,0.4069,ORIGINAL,2.4577,1035.0,172.5,349.0,-710.0,325.83,320.83,4.8,2025-02-24,2025-03-04,LOW SAMPLE,VERY LOW,4,710.0,2.0,,,,
KeyBar-Levels,,RTY,Long,ALL,21,14,-250.0,57.14,0.9144,1.0936,INVERSE,1.0936,250.0,-11.9,222.5,-324.44,58.97,59.84,7.8,2025-02-24,2025-05-19,INCONCLUSIVE,VERY LOW,3,-910.0,0.125,18,660.0,1.3511,ETH ONLY
KeyBar-MTF,,ALL,ALL,ALL,183,14,-7205.0,50.82,0.6999,1.4289,INVERSE,1.4289,7205.0,-39.37,180.65,-266.72,151.12,107.71,6.5,2025-01-20,2025-02-19,PROMISING,MEDIUM,,,,,,,
KeyBar-MTF,,ES,Long,ALL,9,4,200.0,66.67,1.1818,0.8462,ORIGINAL,1.1818,200.0,22.22,216.67,-366.67,216.67,194.44,12.9,2025-01-22,2025-02-03,LOW SAMPLE,VERY LOW,8,150.0,1.1364,,,,
KeyBar-MTF,,ES,Short,ALL,7,3,100.0,57.14,1.0976,0.9111,ORIGINAL,1.0976,100.0,14.29,281.25,-341.67,89.29,107.14,5.5,2025-01-24,2025-02-03,LOW SAMPLE,VERY LOW,6,250.0,1.2857,,,,
KeyBar-MTF,,NQ,Long,ALL,45,13,-4770.0,48.89,0.5029,1.9886,INVERSE,1.9886,4770.0,-106.0,219.32,-417.17,300.17,160.72,5.7,2025-01-20,2025-02-19,PROMISING,MEDIUM,15,-3925.0,0.376,30,-845.0,0.7443,Both Weak
KeyBar-MTF,,NQ,Short,ALL,46,10,-185.0,54.35,0.9625,1.0389,INVERSE,1.0389,185.0,-4.02,190.0,-235.0,166.09,152.07,8.0,2025-01-20,2025-01-31,INCONCLUSIVE,VERY LOW,14,575.0,1.2662,32,-760.0,0.7261,RTH ONLY
KeyBar-MTF,,RTY,Long,ALL,35,9,-1345.0,45.71,0.63,1.5873,INVERSE,1.5873,1345.0,-38.43,143.12,-191.32,43.24,39.52,6.9,2025-01-20,2025-02-05,WORTH EXPLORING,LOW,11,-875.0,0.5014,24,-470.0,0.75,Both Weak
KeyBar-MTF,,RTY,Short,ALL,41,10,-1205.0,48.78,0.6756,1.4801,INVERSE,1.4801,1205.0,-29.39,125.5,-176.9,59.02,39.02,4.0,2025-01-20,2025-01-31,PROMISING,MEDIUM,14,-705.0,0.6347,27,-500.0,0.7199,Both Weak
KeyBar-MTF-Short,,ALL,ALL,ALL,23,5,-720.0,52.17,0.5583,1.7912,INVERSE,1.7912,720.0,-31.3,75.83,-148.18,70.22,46.3,2.8,2025-02-03,2025-02-19,WORTH EXPLORING,LOW,,,,,,,
KeyBar-MTF-Short,,NQ,Short,ALL,10,4,-945.0,30.0,0.2868,3.4868,INVERSE,3.4868,945.0,-94.5,126.67,-189.29,138.5,76.5,3.7,2025-02-04,2025-02-19,INCONCLUSIVE,LOW,,,,9,-565.0,0.4021,
KeyBar-MTF-Short,,RTY,Short,ALL,13,5,225.0,69.23,1.7377,0.5755,ORIGINAL,1.7377,225.0,17.31,58.89,-76.25,17.69,23.08,2.1,2025-02-03,2025-02-19,INCONCLUSIVE,LOW,,,,11,35.0,1.1148,
KeyBar-Wick-1M,,ALL,ALL,ALL,6,1,-1675.0,33.33,0.3679,2.7179,INVERSE,2.7179,1675.0,-279.17,487.5,-662.5,96.88,45.62,0.5,2025-06-10,2025-06-10,LOW SAMPLE,VERY LOW,,,,,,,
KeyBar-Wick-1M,,NQ,Long,ALL,5,1,-820.0,40.0,0.5432,1.841,INVERSE,1.841,820.0,-164.0,487.5,-598.33,103.25,54.75,0.6,2025-06-10,2025-06-10,LOW SAMPLE,VERY LOW,,,,5,-820.0,0.5432,
LRSI,,ALL,ALL,ALL,370,81,-11866.5,53.78,0.8219,1.2167,INVERSE,1.2167,11866.5,-32.07,275.13,-389.57,116.56,94.43,3.7,2025-02-05,2025-06-10,WORTH EXPLORING,MEDIUM,,,,,,,
LRSI,,ES,Long,ALL,25,21,-237.5,64.0,0.9454,1.0578,INVERSE,1.0578,237.5,-9.5,257.03,-483.33,83.75,79.25,3.1,2025-02-05,2025-06-06,INCONCLUSIVE,VERY LOW,11,250.0,1.1361,14,-487.5,0.806,
LRSI,,ES,Short,ALL,45,28,2162.5,62.22,1.356,0.7375,ORIGINAL,1.356,2162.5,48.06,294.2,-357.35,131.67,125.0,3.9,2025-02-14,2025-05-21,PROMISING,MEDIUM,16,2087.5,2.0915,29,75.0,1.018,
LRSI,,GC,Long,ALL,44,29,-30.0,54.55,0.9961,1.004,INVERSE,1.004,30.0,-0.68,315.42,-380.0,105.74,84.26,3.9,2025-02-05,2025-06-09,INCONCLUSIVE,VERY LOW,7,-270.0,0.7769,37,240.0,1.0376,
LRSI,,GC,Short,ALL,39,27,-1780.0,48.72,0.7747,1.2908,INVERSE,1.2908,1780.0,-45.64,322.11,-395.0,141.03,107.44,3.4,2025-02-13,2025-06-06,WORTH EXPLORING,MEDIUM,18,-750.0,0.8139,21,-1030.0,0.7339,Both Weak
LRSI,,NQ,Long,ALL,77,47,-4340.0,57.14,0.7241,1.381,INVERSE,1.381,4340.0,-56.36,258.86,-476.67,146.51,119.14,3.9,2025-02-05,2025-06-06,PROMISING,HIGH,11,-2130.0,0.4017,66,-2210.0,0.8184,Both Weak
LRSI,,NQ,Short,ALL,39,28,-6075.0,38.46,0.4244,2.356,INVERSE,2.356,6075.0,-155.77,298.67,-439.79,195.13,128.59,3.8,2025-02-13,2025-06-05,STRONG EDGE,MEDIUM,9,-1740.0,0.3446,30,-4335.0,0.4513,Both Weak
LRSI,,RTY,Long,ALL,47,30,765.0,59.57,1.1115,0.8997,ORIGINAL,1.1115,765.0,16.28,272.32,-361.05,52.71,47.75,4.5,2025-02-10,2025-06-10,INCONCLUSIVE,LOW,20,655.0,1.2012,27,110.0,1.0305,
LRSI,,RTY,Short,ALL,31,25,-180.0,58.06,0.9624,1.039,INVERSE,1.039,180.0,-5.81,256.11,-368.46,64.52,63.87,1.8,2025-02-17,2025-06-03,INCONCLUSIVE,VERY LOW,23,720.0,1.2121,8,-900.0,0.3548,RTH ONLY
LRSI,,YM,Long,ALL,7,6,-830.0,42.86,0.2589,3.8621,INVERSE,3.8621,830.0,-118.57,96.67,-280.0,88.57,32.14,3.1,2025-02-10,2025-02-25,LOW SAMPLE,VERY LOW,5,-930.0,0.1696,,,,
LRSI,,YM,Short,ALL,15,7,-1285.0,26.67,0.1969,5.0794,INVERSE,5.0794,1285.0,-85.67,78.75,-145.45,64.0,53.0,3.7,2025-02-12,2025-02-24,INCONCLUSIVE,LOW,5,-765.0,0.0,10,-520.0,0.3772,Both Weak
LRSI-HTF,,ALL,ALL,ALL,87,31,-4811.25,51.72,0.7665,1.3046,INVERSE,1.3046,4811.25,-55.3,350.97,-490.6,228.86,126.15,5.3,2025-02-05,2025-06-10,PROMISING,HIGH,,,,,,,
LRSI-HTF,,ES,Long,ALL,12,10,-2350.0,41.67,0.3427,2.9184,INVERSE,2.9184,2350.0,-195.83,245.0,-510.71,208.33,130.21,28.4,2025-02-12,2025-03-17,INCONCLUSIVE,LOW,3,-1175.0,0.0208,9,-1175.0,0.5053,Both Weak
LRSI-HTF,,GC,Long,ALL,19,13,2690.0,68.42,1.735,0.5764,ORIGINAL,1.735,2690.0,141.58,488.46,-610.0,183.42,189.21,20.2,2025-02-09,2025-06-10,INCONCLUSIVE,LOW,8,2140.0,2.7833,11,550.0,1.2236,Both Good
LRSI-HTF,,M2K,Long,ALL,3,1,-54.5,66.67,0.8592,1.1639,INVERSE,1.1639,54.5,-18.17,166.25,-387.0,9.47,4.69,16.2,2025-02-05,2025-02-05,LOW SAMPLE,VERY LOW,,,,,,,
LRSI-HTF,,MES,Long,ALL,4,1,826.25,75.0,2.8672,0.3488,ORIGINAL,2.8672,826.25,206.56,422.92,-442.5,13.97,18.22,68.3,2025-02-05,2025-02-05,LOW SAMPLE,VERY LOW,,,,3,376.25,1.8503,
LRSI-HTF,,MNQ,Short,ALL,3,2,707.0,66.67,13.7387,0.0728,ORIGINAL,13.7387,707.0,235.67,381.25,-55.5,6.33,29.5,-578.1,2025-02-05,2025-02-06,LOW SAMPLE,VERY LOW,,,,3,707.0,13.7387,
LRSI-HTF,,NQ,Long,ALL,15,11,-6420.0,20.0,0.1313,7.6186,INVERSE,7.6186,6420.0,-428.0,323.33,-615.83,605.0,166.33,50.5,2025-02-06,2025-06-03,INCONCLUSIVE,LOW,,,,13,-6170.0,0.0687,
LRSI-HTF,,NQ,Short,ALL,3,2,150.0,66.67,1.2308,0.8125,ORIGINAL,1.2308,150.0,50.0,400.0,-650.0,483.33,280.0,22.3,2025-05-28,2025-06-10,LOW SAMPLE,VERY LOW,,,,3,150.0,1.2308,
LRSI-HTF,,RTY,Long,ALL,11,9,505.0,63.64,1.3673,0.7314,ORIGINAL,1.3673,505.0,45.91,268.57,-343.75,56.82,80.91,12.5,2025-02-10,2025-06-05,INCONCLUSIVE,LOW,,,,9,1080.0,2.3671,
LRSI-HTF,,YM,Long,ALL,13,11,-1050.0,46.15,0.5395,1.8537,INVERSE,1.8537,1050.0,-80.77,205.0,-325.71,150.96,63.08,11.2,2025-02-07,2025-03-18,INCONCLUSIVE,LOW,4,-1060.0,0.2148,9,10.0,1.0108,
LRSI-Short,,ALL,ALL,ALL,29,6,-1004.0,51.72,0.7098,1.4088,INVERSE,1.4088,1004.0,-34.62,163.73,-247.14,75.0,76.29,3.6,2025-02-04,2025-02-11,WORTH EXPLORING,LOW,,,,,,,
LRSI-Short,,GC,Short,ALL,6,3,780.0,83.33,2.3448,0.4265,ORIGINAL,2.3448,780.0,130.0,272.0,-580.0,81.67,153.33,1.6,2025-02-07,2025-02-11,LOW SAMPLE,VERY LOW,,,,4,1040.0,1040.0,
LRSI-Short,,NQ,Short,ALL,6,5,-660.0,50.0,0.2826,3.5385,INVERSE,3.5385,660.0,-110.0,86.67,-306.67,175.0,143.33,5.1,2025-02-04,2025-02-10,LOW SAMPLE,VERY LOW,,,,5,40.0,1.1818,
LRSI-Short,,RTY,Short,ALL,13,6,-1055.0,30.77,0.3919,2.5515,INVERSE,2.5515,1055.0,-81.15,170.0,-192.78,35.38,26.15,3.6,2025-02-04,2025-02-11,INCONCLUSIVE,LOW,4,-235.0,0.6412,9,-820.0,0.2407,Both Weak
Level-Inv-1M,YES,ALL,ALL,ALL,48,17,-5525.0,45.83,0.5523,1.8107,INVERSE,1.8107,5525.0,-115.1,309.77,-474.62,311.25,218.65,3.6,2026-02-05,2026-02-27,STRONG EDGE,MEDIUM,,,,,,,
Level-Inv-1M,YES,NQ,Short,ALL,48,17,-5525.0,45.83,0.5523,1.8107,INVERSE,1.8107,5525.0,-115.1,309.77,-474.62,311.25,218.65,3.6,2026-02-05,2026-02-27,STRONG EDGE,MEDIUM,34,-6285.0,0.4386,14,760.0,1.6638,ETH ONLY
Level-Inv-2M,YES,ALL,ALL,ALL,149,17,-7660.0,51.68,0.7905,1.265,INVERSE,1.265,7660.0,-51.41,375.36,-507.81,297.75,262.45,5.7,2026-02-05,2026-02-27,WORTH EXPLORING,MEDIUM,,,,,,,
Level-Inv-2M,YES,ES,Short,ALL,32,15,-4275.0,46.88,0.6381,1.5672,INVERSE,1.5672,4275.0,-133.59,502.5,-694.85,245.31,242.97,11.7,2026-02-05,2026-02-27,STRONG EDGE,MEDIUM,23,-850.0,0.8757,9,-3425.0,0.3116,Both Weak
Level-Inv-2M,YES,GC,Short,ALL,17,10,1520.0,58.82,1.4841,0.6738,ORIGINAL,1.4841,1520.0,89.41,466.0,-448.57,280.59,355.88,5.5,2026-02-06,2026-02-26,INCONCLUSIVE,LOW,9,240.0,1.1188,8,1280.0,2.1429,
Level-Inv-2M,YES,NQ,Long,ALL,54,17,175.0,57.41,1.0179,0.9824,ORIGINAL,1.0179,175.0,3.24,320.81,-424.78,309.72,275.56,3.7,2026-02-05,2026-02-27,INCONCLUSIVE,VERY LOW,42,1025.0,1.1323,12,-850.0,0.5792,
Level-Inv-2M,YES,NQ,Short,ALL,46,17,-5080.0,45.65,0.5709,1.7515,INVERSE,1.7515,5080.0,-110.43,321.9,-473.6,326.52,226.09,3.9,2026-02-05,2026-02-27,STRONG EDGE,MEDIUM,32,-5840.0,0.454,14,760.0,1.6638,ETH ONLY
Level-Inv-3M,YES,ALL,ALL,ALL,24,12,1262.5,58.33,1.1712,0.8538,ORIGINAL,1.1712,1262.5,52.6,616.96,-737.5,252.6,304.17,15.6,2026-02-05,2026-02-26,WORTH EXPLORING,LOW,,,,,,,
Level-Inv-3M,YES,ES,Short,ALL,24,12,1262.5,58.33,1.1712,0.8538,ORIGINAL,1.1712,1262.5,52.6,616.96,-737.5,252.6,304.17,15.6,2026-02-05,2026-02-26,WORTH EXPLORING,LOW,15,6362.5,5.1721,9,-5100.0,0.1282,RTH ONLY
Level-Inv-5M,YES,ALL,ALL,ALL,24,12,1475.0,58.33,1.2063,0.829,ORIGINAL,1.2063,1475.0,61.46,616.07,-715.0,251.56,304.17,15.6,2026-02-05,2026-02-26,WORTH EXPLORING,LOW,,,,,,,
Level-Inv-5M,YES,ES,Short,ALL,24,12,1475.0,58.33,1.2063,0.829,ORIGINAL,1.2063,1475.0,61.46,616.07,-715.0,251.56,304.17,15.6,2026-02-05,2026-02-26,WORTH EXPLORING,LOW,15,6350.0,5.1639,9,-4875.0,0.1333,RTH ONLY
Levels,,ALL,ALL,ALL,2024,92,11746.0,52.12,1.0651,0.9389,ORIGINAL,1.0651,11746.0,5.8,182.26,-186.51,101.55,102.27,4.4,2025-10-27,2026-02-27,MARGINAL EDGE,VERY LOW,,,,,,,
Levels,,CL,Long,ALL,69,41,3620.0,63.77,1.5701,0.6369,ORIGINAL,1.5701,3620.0,52.46,226.59,-254.0,58.02,64.73,5.2,2025-10-27,2026-02-27,STRONG EDGE,HIGH,54,2280.0,1.423,15,1340.0,2.3958,Both Good
Levels,,CL,Short,ALL,43,26,2630.0,72.09,2.1097,0.474,ORIGINAL,2.1097,2630.0,61.16,161.29,-197.5,39.84,49.92,4.4,2025-10-27,2026-01-30,STRONG EDGE,MEDIUM,31,2470.0,2.5438,12,160.0,1.2078,Both Good
Levels,,ES,Long,ALL,224,59,412.5,54.46,1.0116,0.9886,ORIGINAL,1.0116,412.5,1.84,295.59,-349.51,126.13,120.36,6.9,2025-10-27,2026-02-27,INCONCLUSIVE,VERY LOW,154,2337.5,1.0852,70,-1925.0,0.7652,
Levels,,ES,Short,ALL,110,40,4850.0,60.0,1.3027,0.7677,ORIGINAL,1.3027,4850.0,44.09,316.29,-364.2,124.6,129.6,4.3,2025-10-27,2026-01-30,PROMISING,HIGH,88,4850.0,1.3395,22,0.0,1.0,
Levels,,GC,Long,ALL,149,43,1060.0,50.34,1.0428,0.959,ORIGINAL,1.0428,1060.0,7.11,344.4,-334.73,240.47,240.54,4.5,2025-10-27,2026-02-27,INCONCLUSIVE,VERY LOW,75,820.0,1.0575,74,240.0,1.0228,
Levels,,GC,Short,ALL,88,25,2340.0,54.55,1.1939,0.8376,ORIGINAL,1.1939,2340.0,26.59,300.21,-301.75,209.32,226.7,3.8,2025-10-28,2026-01-29,WORTH EXPLORING,MEDIUM,42,1870.0,1.2842,46,470.0,1.0856,
Levels,,M2K,Long,ALL,57,25,-34.5,54.39,0.8838,1.1314,INVERSE,1.1314,34.5,-0.61,8.47,-11.42,3.48,3.06,1.1,2025-11-04,2025-12-10,MARGINAL EDGE,LOW,31,-15.5,0.9236,26,-19.0,0.7979,
Levels,,M2K,Short,ALL,38,18,91.0,55.26,1.7778,0.5625,ORIGINAL,1.7778,91.0,2.39,9.9,-6.88,2.88,3.13,1.4,2025-11-04,2025-12-09,STRONG EDGE,MEDIUM,15,125.0,4.6765,23,-34.0,0.5904,RTH ONLY
Levels,,MES,Long,ALL,158,30,96.25,51.9,1.0394,0.9621,ORIGINAL,1.0394,96.25,0.61,30.99,-32.17,12.3,11.69,4.4,2025-11-04,2025-12-10,INCONCLUSIVE,VERY LOW,68,336.25,1.2751,90,-240.0,0.8037,RTH ONLY
Levels,,MES,Short,ALL,123,30,126.25,47.15,1.0747,0.9305,ORIGINAL,1.0747,126.25,1.03,31.31,-26.41,10.81,11.6,5.5,2025-11-04,2025-12-10,MARGINAL EDGE,VERY LOW,45,171.25,1.2079,78,-45.0,0.9481,
Levels,,MNQ,Long,ALL,225,29,413.5,49.78,1.1429,0.875,ORIGINAL,1.1429,413.5,1.84,29.53,-25.61,18.99,21.0,5.4,2025-11-04,2025-12-10,MARGINAL EDGE,LOW,81,478.5,1.3669,144,-65.0,0.9591,
Levels,,MNQ,Short,ALL,176,29,-189.0,52.27,0.9293,1.0761,INVERSE,1.0761,189.0,-1.07,26.99,-31.81,20.36,21.11,4.5,2025-11-04,2025-12-10,MARGINAL EDGE,VERY LOW,58,-144.0,0.8989,118,-45.0,0.9639,
Levels,,NQ,Long,ALL,258,59,1965.0,48.84,1.0525,0.9501,ORIGINAL,1.0525,1965.0,7.62,312.74,-283.64,212.21,230.72,4.2,2025-10-27,2026-02-27,MARGINAL EDGE,VERY LOW,166,2345.0,1.083,92,-380.0,0.9586,
Levels,,NQ,Short,ALL,140,38,-4515.0,43.57,0.7819,1.279,INVERSE,1.279,4515.0,-32.25,265.33,-262.03,210.82,178.71,3.9,2025-10-27,2026-01-30,WORTH EXPLORING,MEDIUM,90,-2590.0,0.8334,50,-1925.0,0.6262,Both Weak
Levels,,RTY,Long,ALL,107,49,755.0,56.07,1.0755,0.9298,ORIGINAL,1.0755,755.0,7.06,179.33,-212.87,49.25,46.07,1.8,2025-10-28,2026-02-27,MARGINAL EDGE,VERY LOW,83,1330.0,1.1581,24,-575.0,0.6384,RTH ONLY
Levels,,RTY,Short,ALL,59,28,-1875.0,44.07,0.6283,1.5915,INVERSE,1.5915,1875.0,-31.78,121.92,-152.88,44.63,32.23,1.2,2025-10-27,2026-01-30,STRONG EDGE,HIGH,43,-1565.0,0.6339,16,-310.0,0.5974,Both Weak
Levels-10M,,ALL,ALL,ALL,90,21,5080.0,51.11,1.2144,0.8235,ORIGINAL,1.2144,5080.0,56.44,625.54,-538.52,276.64,314.11,21.6,2026-01-06,2026-02-04,WORTH EXPLORING,MEDIUM,,,,,,,
Levels-10M,,CL,Long,ALL,4,3,-840.0,50.0,0.5758,1.7368,INVERSE,1.7368,840.0,-210.0,570.0,-990.0,190.0,132.5,24.1,2026-01-29,2026-02-03,LOW SAMPLE,VERY LOW,3,-1530.0,0.2273,,,,
Levels-10M,,CL,Short,ALL,6,6,1120.0,50.0,1.918,0.5214,ORIGINAL,1.918,1120.0,186.67,780.0,-406.67,195.0,210.0,61.3,2026-01-13,2026-02-04,LOW SAMPLE,VERY LOW,4,2050.0,8.069,,,,
Levels-10M,,ES,Long,ALL,15,12,600.0,46.67,1.1752,0.8509,ORIGINAL,1.1752,600.0,40.0,575.0,-428.12,214.17,265.83,31.2,2026-01-07,2026-02-03,INCONCLUSIVE,LOW,5,-1800.0,0.2577,10,2400.0,3.4,ETH ONLY
Levels-10M,,ES,Short,ALL,9,7,3225.0,77.78,3.0806,0.3246,ORIGINAL,3.0806,3225.0,358.33,682.14,-775.0,186.11,315.28,18.6,2026-01-06,2026-02-02,LOW SAMPLE,VERY LOW,3,450.0,1.5806,6,2775.0,4.5806,Both Good
Levels-10M,,GC,Long,ALL,5,5,-850.0,20.0,0.5894,1.6967,INVERSE,1.6967,850.0,-170.0,1220.0,-517.5,532.0,586.0,4.4,2026-01-13,2026-02-02,LOW SAMPLE,VERY LOW,4,-350.0,0.7771,,,,
Levels-10M,,GC,Short,ALL,4,4,730.0,50.0,1.4867,0.6726,ORIGINAL,1.4867,730.0,182.5,1115.0,-750.0,515.0,947.5,19.1,2026-01-14,2026-01-30,LOW SAMPLE,VERY LOW,,,,4,730.0,1.4867,
Levels-10M,,NQ,Long,ALL,13,8,-1875.0,30.77,0.5609,1.7829,INVERSE,1.7829,1875.0,-144.23,598.75,-474.44,410.77,330.0,16.5,2026-01-13,2026-01-30,INCONCLUSIVE,LOW,7,-1135.0,0.5939,6,-740.0,0.4983,Both Weak
Levels-10M,,NQ,Short,ALL,15,9,2080.0,60.0,1.6322,0.6127,ORIGINAL,1.6322,2080.0,138.67,596.67,-548.33,389.33,431.0,16.3,2026-01-16,2026-02-03,INCONCLUSIVE,LOW,8,2135.0,2.1266,7,-55.0,0.9606,
Levels-10M,,RTY,Long,ALL,12,9,1675.0,58.33,1.928,0.5187,ORIGINAL,1.928,1675.0,139.58,497.14,-361.0,89.58,118.75,11.1,2026-01-14,2026-02-03,INCONCLUSIVE,LOW,7,3060.0,8.8462,5,-1385.0,0.0212,RTH ONLY
Levels-10M,,RTY,Short,ALL,7,6,-785.0,57.14,0.6963,1.4361,INVERSE,1.4361,785.0,-112.14,450.0,-861.67,157.86,107.86,21.7,2026-01-16,2026-02-04,LOW SAMPLE,VERY LOW,3,-1515.0,0.3526,4,730.0,3.9796,ETH ONLY
Levels-15M,,ALL,ALL,ALL,44,14,-4512.5,45.45,0.6943,1.4402,INVERSE,1.4402,4512.5,-102.56,512.5,-615.1,369.16,349.02,24.7,2026-01-07,2026-01-30,PROMISING,MEDIUM,,,,,,,
Levels-15M,,CL,Short,ALL,3,3,420.0,33.33,2.0,0.5,ORIGINAL,2.0,420.0,140.0,840.0,-210.0,143.33,126.67,8.7,2026-01-14,2026-01-28,LOW SAMPLE,VERY LOW,,,,,,,
Levels-15M,,ES,Long,ALL,8,7,-1575.0,50.0,0.4661,2.1455,INVERSE,2.1455,1575.0,-196.88,343.75,-737.5,245.31,179.69,27.2,2026-01-07,2026-01-29,LOW SAMPLE,VERY LOW,3,-975.0,0.3906,5,-600.0,0.5556,Both Weak
Levels-15M,,ES,Short,ALL,6,4,1262.5,66.67,2.5075,0.3988,ORIGINAL,2.5075,1262.5,210.42,525.0,-418.75,188.54,357.29,50.8,2026-01-16,2026-01-28,LOW SAMPLE,VERY LOW,4,475.0,1.8261,,,,
Levels-15M,,GC,Long,ALL,4,4,-1010.0,25.0,0.3399,2.9423,INVERSE,2.9423,1010.0,-252.5,520.0,-510.0,442.5,315.0,5.1,2026-01-15,2026-01-30,LOW SAMPLE,VERY LOW,4,-1010.0,0.3399,,,,
Levels-15M,,NQ,Long,ALL,4,3,-930.0,25.0,0.363,2.7547,INVERSE,2.7547,930.0,-232.5,530.0,-486.67,457.5,245.0,23.9,2026-01-16,2026-01-29,LOW SAMPLE,VERY LOW,,,,3,-570.0,0.4818,
Levels-15M,,NQ,Short,ALL,6,5,75.0,50.0,1.0551,0.9477,ORIGINAL,1.0551,75.0,12.5,478.33,-453.33,346.67,805.0,31.5,2026-01-14,2026-01-28,LOW SAMPLE,VERY LOW,5,-405.0,0.7022,,,,
Levels-15M,,RTY,Long,ALL,4,3,645.0,50.0,1.6935,0.5905,ORIGINAL,1.6935,645.0,161.25,787.5,-465.0,130.0,135.0,7.0,2026-01-14,2026-01-30,LOW SAMPLE,VERY LOW,4,645.0,1.6935,,,,
Levels-15M,,RTY,Short,ALL,5,5,380.0,80.0,1.2542,0.7973,ORIGINAL,1.2542,380.0,76.0,468.75,-1495.0,155.83,153.17,28.5,2026-01-15,2026-01-30,LOW SAMPLE,VERY LOW,3,-145.0,0.903,,,,
Levels-2M,,ALL,ALL,ALL,333,39,-5115.0,49.25,0.9248,1.0813,INVERSE,1.0813,5115.0,-15.36,383.57,-404.88,185.2,180.21,6.9,2026-01-06,2026-02-27,MARGINAL EDGE,VERY LOW,,,,,,,
Levels-2M,,CL,Long,ALL,36,26,550.0,55.56,1.1036,0.9061,ORIGINAL,1.1036,550.0,15.28,293.0,-331.88,70.0,72.04,6.2,2026-01-13,2026-02-25,INCONCLUSIVE,LOW,23,-970.0,0.7668,13,1520.0,2.3217,ETH ONLY
Levels-2M,,CL,Short,ALL,15,10,-690.0,53.33,0.7579,1.3194,INVERSE,1.3194,690.0,-46.0,270.0,-407.14,92.67,67.33,10.9,2026-01-13,2026-01-29,INCONCLUSIVE,LOW,8,840.0,1.9333,7,-1530.0,0.2154,RTH ONLY
Levels-2M,,ES,Long,ALL,93,34,5900.0,59.14,1.3648,0.7327,ORIGINAL,1.3648,5900.0,63.44,401.36,-425.66,136.69,160.35,7.9,2026-01-06,2026-02-27,PROMISING,HIGH,53,3525.0,1.3072,40,2375.0,1.5053,Both Good
Levels-2M,,ES,Short,ALL,29,18,-2500.0,41.38,0.6599,1.5155,INVERSE,1.5155,2500.0,-86.21,404.17,-459.38,177.8,136.85,11.4,2026-01-06,2026-01-30,WORTH EXPLORING,MEDIUM,21,-2787.5,0.58,8,287.5,1.4035,ETH ONLY
Levels-2M,,GC,Long,ALL,30,19,-670.0,46.67,0.9066,1.1031,INVERSE,1.1031,670.0,-22.33,464.29,-448.12,307.67,327.67,4.6,2026-01-13,2026-02-26,INCONCLUSIVE,LOW,13,-2270.0,0.5191,17,1600.0,1.6531,ETH ONLY
Levels-2M,,GC,Short,ALL,9,6,-2750.0,22.22,0.1864,5.3651,INVERSE,5.3651,2750.0,-305.56,315.0,-482.86,402.22,310.0,3.5,2026-01-13,2026-01-29,LOW SAMPLE,VERY LOW,5,-2540.0,0.0,4,-210.0,0.75,Both Weak
Levels-2M,,NQ,Long,ALL,60,28,-3310.0,36.67,0.7588,1.3178,INVERSE,1.3178,3310.0,-55.17,473.41,-361.18,302.75,296.42,6.0,2026-01-13,2026-02-27,PROMISING,HIGH,36,-2785.0,0.7295,24,-525.0,0.8469,Both Weak
Levels-2M,,NQ,Short,ALL,15,11,-690.0,40.0,0.7803,1.2816,INVERSE,1.2816,690.0,-46.0,408.33,-348.89,289.67,222.33,4.5,2026-01-13,2026-01-30,INCONCLUSIVE,LOW,11,-145.0,0.9392,4,-545.0,0.2781,
Levels-2M,,RTY,Long,ALL,34,21,-2150.0,47.06,0.729,1.3717,INVERSE,1.3717,2150.0,-63.24,361.56,-440.83,110.98,85.93,6.0,2026-01-16,2026-02-27,PROMISING,MEDIUM,26,-1430.0,0.7818,8,-720.0,0.4783,Both Weak
Levels-2M,,RTY,Short,ALL,12,10,1195.0,75.0,2.2132,0.4518,ORIGINAL,2.2132,1195.0,99.58,242.22,-328.33,63.33,72.08,4.6,2026-01-13,2026-01-28,INCONCLUSIVE,LOW,9,1240.0,2.6104,3,-45.0,0.7907,RTH ONLY
Levels-3M,,ALL,ALL,ALL,227,39,9817.5,51.54,1.2037,0.8308,ORIGINAL,1.2037,9817.5,43.25,495.94,-438.25,217.02,233.86,10.4,2026-01-06,2026-02-27,WORTH EXPLORING,MEDIUM,,,,,,,
Levels-3M,,CL,Long,ALL,32,21,1390.0,59.38,1.2523,0.7986,ORIGINAL,1.2523,1390.0,43.44,363.16,-423.85,94.38,94.06,12.3,2026-01-13,2026-02-26,WORTH EXPLORING,MEDIUM,18,100.0,1.0274,14,1290.0,1.6935,
Levels-3M,,CL,Short,ALL,10,7,-90.0,50.0,0.9531,1.0492,INVERSE,1.0492,90.0,-9.0,366.0,-384.0,97.67,77.33,9.2,2026-01-14,2026-01-29,INCONCLUSIVE,VERY LOW,7,-420.0,0.7407,3,330.0,2.1,ETH ONLY
Levels-3M,,ES,Long,ALL,38,26,9187.5,65.79,2.7133,0.3686,ORIGINAL,2.7133,9187.5,241.78,582.0,-412.5,136.84,210.53,10.3,2026-01-06,2026-02-27,STRONG EDGE,MEDIUM,29,10687.5,4.5477,9,-1500.0,0.3617,RTH ONLY
Levels-3M,,ES,Short,ALL,27,16,-2175.0,40.74,0.7041,1.4203,INVERSE,1.4203,2175.0,-80.56,470.45,-459.38,200.69,169.68,16.2,2026-01-06,2026-01-30,WORTH EXPLORING,MEDIUM,14,150.0,1.0397,13,-2325.0,0.3497,
Levels-3M,,GC,Long,ALL,23,12,-930.0,39.13,0.8664,1.1542,INVERSE,1.1542,930.0,-40.43,670.0,-497.14,389.13,437.39,7.1,2026-01-13,2026-02-26,WORTH EXPLORING,LOW,17,-800.0,0.8543,6,-130.0,0.9116,
Levels-3M,,GC,Short,ALL,7,6,-1140.0,28.57,0.4356,2.2955,INVERSE,2.2955,1140.0,-162.86,440.0,-404.0,408.57,261.43,10.4,2026-01-14,2026-01-26,LOW SAMPLE,VERY LOW,4,-1020.0,0.1969,3,-120.0,0.84,Both Weak
Levels-3M,,NQ,Long,ALL,50,27,4635.0,50.0,1.4734,0.6787,ORIGINAL,1.4734,4635.0,92.7,577.0,-391.6,314.7,367.0,9.2,2026-01-13,2026-02-27,PROMISING,HIGH,23,6140.0,2.3955,27,-1505.0,0.7208,RTH ONLY
Levels-3M,,NQ,Short,ALL,10,7,-340.0,40.0,0.8525,1.173,INVERSE,1.173,340.0,-34.0,491.25,-384.17,346.5,377.0,9.1,2026-01-13,2026-01-30,INCONCLUSIVE,LOW,5,355.0,1.2563,5,-695.0,0.2446,RTH ONLY
Levels-3M,,RTY,Long,ALL,24,17,410.0,62.5,1.0747,0.9304,ORIGINAL,1.0747,410.0,17.08,393.0,-609.44,125.56,103.61,9.7,2026-01-13,2026-02-26,INCONCLUSIVE,VERY LOW,20,-160.0,0.9708,4,570.0,570.0,
Levels-3M,,RTY,Short,ALL,6,6,-1130.0,33.33,0.2492,4.0133,INVERSE,4.0133,1130.0,-188.33,187.5,-376.25,104.17,37.5,3.8,2026-01-15,2026-01-30,LOW SAMPLE,VERY LOW,4,-645.0,0.3676,,,,
Levels-5M,,ALL,ALL,ALL,170,39,6505.0,51.18,1.1493,0.8701,ORIGINAL,1.1493,6505.0,38.26,575.55,-524.91,224.92,279.13,15.2,2026-01-06,2026-02-27,MARGINAL EDGE,LOW,,,,,,,
Levels-5M,,CL,Long,ALL,26,19,880.0,57.69,1.1388,0.8781,ORIGINAL,1.1388,880.0,33.85,481.33,-576.36,117.69,130.38,12.8,2026-01-14,2026-02-25,INCONCLUSIVE,LOW,20,1000.0,1.2004,6,-120.0,0.9111,
Levels-5M,,CL,Short,ALL,5,4,-1660.0,20.0,0.2556,3.9123,INVERSE,3.9123,1660.0,-332.0,570.0,-557.5,190.0,112.0,18.2,2026-01-13,2026-01-29,LOW SAMPLE,VERY LOW,,,,3,-1600.0,0.0,
Levels-5M,,ES,Long,ALL,32,25,4575.0,62.5,1.7148,0.5831,ORIGINAL,1.7148,4575.0,142.97,548.75,-533.33,181.25,226.17,16.5,2026-01-06,2026-02-27,STRONG EDGE,MEDIUM,16,3250.0,1.8844,16,1325.0,1.4862,Both Good
Levels-5M,,ES,Short,ALL,19,14,-2850.0,36.84,0.52,1.9231,INVERSE,1.9231,2850.0,-150.0,441.07,-494.79,203.62,165.46,33.8,2026-01-07,2026-01-30,INCONCLUSIVE,LOW,10,-1350.0,0.5714,9,-1500.0,0.4619,Both Weak
Levels-5M,,GC,Long,ALL,16,12,4910.0,56.25,2.5687,0.3893,ORIGINAL,2.5687,4910.0,306.88,893.33,-447.14,332.5,683.12,11.5,2026-01-13,2026-02-27,INCONCLUSIVE,LOW,9,2690.0,2.2339,7,2220.0,3.3368,Both Good
Levels-5M,,GC,Short,ALL,4,3,3600.0,75.0,8.3469,0.1198,ORIGINAL,8.3469,3600.0,900.0,1363.33,-490.0,355.0,1205.0,14.7,2026-01-15,2026-01-21,LOW SAMPLE,VERY LOW,,,,3,4090.0,4090.0,
Levels-5M,,NQ,Long,ALL,25,16,460.0,44.0,1.0678,0.9365,ORIGINAL,1.0678,460.0,18.4,658.18,-484.29,355.8,410.2,12.2,2026-01-13,2026-02-23,INCONCLUSIVE,VERY LOW,10,215.0,1.062,15,245.0,1.074,
Levels-5M,,NQ,Short,ALL,11,7,-475.0,45.45,0.8563,1.1678,INVERSE,1.1678,475.0,-43.18,566.0,-550.83,455.91,356.82,16.3,2026-01-16,2026-01-29,INCONCLUSIVE,LOW,6,250.0,1.1309,5,-725.0,0.4803,
Levels-5M,,RTY,Long,ALL,27,18,-1885.0,51.85,0.7492,1.3348,INVERSE,1.3348,1885.0,-69.81,402.14,-578.08,125.49,107.65,8.6,2026-01-13,2026-02-27,WORTH EXPLORING,MEDIUM,20,-605.0,0.8934,7,-1280.0,0.3043,Both Weak
Levels-5M,,RTY,Short,ALL,5,5,-1050.0,40.0,0.2708,3.6923,INVERSE,3.6923,1050.0,-210.0,195.0,-480.0,104.0,57.0,5.6,2026-01-15,2026-01-27,LOW SAMPLE,VERY LOW,,,,3,285.0,3.7143,
ORB,,ALL,ALL,ALL,106,56,9662.5,39.62,1.3901,0.7194,ORIGINAL,1.3901,9662.5,91.16,819.76,-393.13,223.11,339.74,10.3,2025-02-18,2025-06-09,PROMISING,HIGH,,,,,,,
ORB,,ES,Long,ALL,4,4,50.0,50.0,1.0526,0.95,ORIGINAL,1.0526,50.0,12.5,500.0,-475.0,256.25,256.25,2.1,2025-02-28,2025-03-11,LOW SAMPLE,VERY LOW,3,425.0,1.7391,,,,
ORB,,ES,Short,ALL,7,7,512.5,28.57,1.2715,0.7865,ORIGINAL,1.2715,512.5,73.21,1200.0,-377.5,223.21,325.0,2.6,2025-02-18,2025-03-11,LOW SAMPLE,VERY LOW,7,512.5,1.2715,,,,
ORB,,NQ,Long,ALL,20,20,-545.0,45.0,0.94,1.0639,INVERSE,1.0639,545.0,-27.25,948.33,-825.45,497.38,522.12,14.6,2025-02-19,2025-06-06,INCONCLUSIVE,VERY LOW,19,10.0,1.0012,,,,
ORB,,NQ,Short,ALL,11,11,7805.0,72.73,6.118,0.1635,ORIGINAL,6.118,7805.0,709.55,1166.25,-508.33,301.82,1151.82,7.4,2025-02-18,2025-06-05,INCONCLUSIVE,LOW,11,7805.0,6.118,,,,
ORB,,RTY,Long,ALL,20,20,3390.0,45.0,2.0813,0.4805,ORIGINAL,2.0813,3390.0,169.5,725.0,-285.0,116.67,182.33,17.3,2025-02-18,2025-06-09,WORTH EXPLORING,LOW,20,3390.0,2.0813,,,,
ORB,,RTY,Short,ALL,29,28,-625.0,34.48,0.8749,1.143,INVERSE,1.143,625.0,-21.55,437.0,-277.5,125.79,137.66,10.6,2025-02-24,2025-06-04,INCONCLUSIVE,LOW,28,-610.0,0.8775,,,,
ORB,,YM,Long,ALL,9,9,-2120.0,0.0,0.0,2120.0,INVERSE,2120.0,2120.0,-235.56,0,-235.56,136.85,66.48,2.3,2025-02-18,2025-03-06,LOW SAMPLE,VERY LOW,8,-1820.0,0.0,,,,
ORB,,YM,Short,ALL,5,5,1615.0,40.0,3.4656,0.2885,ORIGINAL,3.4656,1615.0,323.0,1135.0,-218.33,88.33,244.67,3.1,2025-02-18,2025-03-06,LOW SAMPLE,VERY LOW,5,1615.0,3.4656,,,,
Playback101,,ALL,ALL,ALL,532,69,262.5,51.69,1.0078,0.9923,ORIGINAL,1.0078,262.5,0.49,123.25,-130.86,100.33,91.41,4.4,2024-09-16,2024-12-13,INCONCLUSIVE,VERY LOW,,,,,,,
Playback101,,ES,Long,ALL,67,44,-212.5,55.22,0.9426,1.0609,INVERSE,1.0609,212.5,-3.17,94.26,-123.33,86.75,77.8,3.4,2024-09-16,2024-12-13,MARGINAL EDGE,VERY LOW,29,-875.0,0.6618,38,662.5,1.5955,ETH ONLY
Playback101,,ES,Short,ALL,70,38,-300.0,57.14,0.9268,1.0789,INVERSE,1.0789,300.0,-4.29,95.0,-136.67,83.57,78.57,3.7,2024-09-16,2024-12-13,MARGINAL EDGE,VERY LOW,33,550.0,1.2993,37,-850.0,0.6243,RTH ONLY
Playback101,,NQ,Long,ALL,96,47,3480.0,61.46,1.4582,0.6858,ORIGINAL,1.4582,3480.0,36.25,187.71,-205.27,145.83,149.06,3.5,2024-09-16,2024-12-13,PROMISING,HIGH,39,1570.0,1.3677,57,1910.0,1.5744,Both Good
Playback101,,NQ,Short,ALL,93,47,-1070.0,56.99,0.8977,1.114,INVERSE,1.114,1070.0,-11.51,177.08,-261.38,178.33,150.43,4.4,2024-09-16,2024-12-12,MARGINAL EDGE,LOW,41,-2485.0,0.6488,52,1415.0,1.4186,ETH ONLY
Playback101,,RTY,Long,ALL,72,46,-285.0,48.61,0.9009,1.11,INVERSE,1.11,285.0,-3.96,74.0,-77.7,58.96,48.26,4.8,2024-09-18,2024-12-13,MARGINAL EDGE,LOW,33,60.0,1.0348,39,-345.0,0.7,
Playback101,,RTY,Short,ALL,82,47,-1880.0,47.56,0.5318,1.8806,INVERSE,1.8806,1880.0,-22.93,54.74,-93.37,63.23,37.13,2.7,2024-09-16,2024-12-13,STRONG EDGE,HIGH,31,-1170.0,0.4596,51,-710.0,0.6162,Both Weak
Playback101,,YM,Long,ALL,29,21,20.0,24.14,1.0408,0.9608,ORIGINAL,1.0408,20.0,0.69,72.86,-22.27,27.59,40.52,2.9,2024-09-19,2024-12-13,INCONCLUSIVE,VERY LOW,10,305.0,3.5417,19,-285.0,0.2297,RTH ONLY
Playback101,,YM,Short,ALL,23,20,510.0,21.74,2.275,0.4396,ORIGINAL,2.275,510.0,22.17,182.0,-22.22,39.13,83.7,20.3,2024-09-17,2024-12-09,WORTH EXPLORING,LOW,9,665.0,5.5862,14,-155.0,0.3922,RTH ONLY
Reversal,,ALL,ALL,ALL,181,87,-11243.0,51.38,0.7331,1.3642,INVERSE,1.3642,11243.0,-62.12,331.98,-478.6,175.69,140.57,4.7,2024-12-11,2025-06-10,PROMISING,HIGH,,,,,,,
Reversal,,ES,Long,ALL,23,16,2462.5,52.17,1.6724,0.598,ORIGINAL,1.6724,2462.5,107.07,510.42,-332.95,193.48,193.48,10.6,2025-01-16,2025-04-29,WORTH EXPLORING,LOW,13,2650.0,2.325,10,-187.5,0.8872,RTH ONLY
Reversal,,ES,Short,ALL,15,13,-4875.0,13.33,0.1314,7.6102,INVERSE,7.6102,4875.0,-325.0,368.75,-431.73,119.17,41.67,1.5,2025-03-12,2025-05-27,INCONCLUSIVE,LOW,,,,13,-3775.0,0.1634,
Reversal,,GC,Long,ALL,3,3,-2330.0,0.0,0.0,2330.0,INVERSE,2330.0,2330.0,-776.67,0,-776.67,225.83,6.67,3.5,2025-01-15,2025-02-05,LOW SAMPLE,VERY LOW,,,,,,,
Reversal,,MNQ,Long,ALL,15,10,-1705.5,53.33,0.4589,2.1791,INVERSE,2.1791,1705.5,-113.7,180.81,-450.29,34.6,28.9,4.0,2024-12-11,2025-03-03,INCONCLUSIVE,LOW,15,-1705.5,0.4589,,,,
Reversal,,NQ,Long,ALL,52,36,-1840.0,53.85,0.837,1.1948,INVERSE,1.1948,1840.0,-35.38,337.32,-470.21,284.25,206.04,3.8,2025-01-16,2025-06-09,WORTH EXPLORING,MEDIUM,17,-2570.0,0.5091,35,730.0,1.1207,
Reversal,,NQ,Short,ALL,30,24,-935.0,56.67,0.8951,1.1172,INVERSE,1.1172,935.0,-31.17,469.41,-685.77,230.81,227.69,4.2,2025-03-03,2025-06-10,INCONCLUSIVE,LOW,9,-230.0,0.9279,21,-705.0,0.8769,
Reversal,,RTY,Long,ALL,14,11,-1665.0,57.14,0.4594,2.1767,INVERSE,2.1767,1665.0,-118.93,176.88,-513.33,75.12,64.88,3.5,2025-01-16,2025-04-28,INCONCLUSIVE,LOW,12,-1940.0,0.3701,,,,
Reversal,,RTY,Short,ALL,13,10,320.0,61.54,1.1267,0.8875,ORIGINAL,1.1267,320.0,24.62,355.62,-505.0,45.32,54.68,4.0,2025-03-21,2025-05-16,INCONCLUSIVE,LOW,4,-180.0,0.8428,9,500.0,1.3623,ETH ONLY
Reversal,,YM,Long,ALL,11,7,-685.0,54.55,0.4362,2.2925,INVERSE,2.2925,685.0,-62.27,88.33,-243.0,70.91,50.45,4.2,2025-01-21,2025-02-06,INCONCLUSIVE,LOW,4,-755.0,0.1272,7,70.0,1.2,ETH ONLY
Reversal,,YM,Short,ALL,5,4,10.0,80.0,1.0294,0.9714,ORIGINAL,1.0294,10.0,2.0,87.5,-340.0,48.0,39.0,8.7,2025-01-24,2025-02-05,LOW SAMPLE,VERY LOW,,,,4,350.0,350.0,
SecondEntry,,ALL,ALL,ALL,10,5,-2870.0,50.0,0.6481,1.543,INVERSE,1.543,2870.0,-287.0,1057.0,-1631.0,325.0,225.75,12.6,2024-07-29,2024-08-02,INCONCLUSIVE,LOW,,,,,,,
SecondEntry,,NQ,Short,ALL,4,3,-3175.0,25.0,0.4385,2.2802,INVERSE,2.2802,3175.0,-793.75,2480.0,-1885.0,593.75,250.0,17.2,2024-07-30,2024-08-02,LOW SAMPLE,VERY LOW,4,-3175.0,0.4385,,,,
SimEMAMicro,,ALL,ALL,ALL,137,68,-207.5,68.61,0.9017,1.109,INVERSE,1.109,207.5,-1.51,20.25,-49.09,16.92,16.82,6.8,2024-08-22,2025-01-02,MARGINAL EDGE,LOW,,,,,,,
SimEMAMicro,,M2K,Long,ALL,48,36,139.0,81.25,1.8687,0.5351,ORIGINAL,1.8687,139.0,2.9,7.67,-17.78,6.8,6.95,5.5,2024-08-22,2025-01-02,STRONG EDGE,MEDIUM,48,139.0,1.8687,,,,
SimEMAMicro,,MGC,Long,ALL,20,15,-3.0,70.0,0.9796,1.0208,INVERSE,1.0208,3.0,-0.15,10.29,-24.5,12.65,8.95,6.4,2024-09-04,2024-10-21,INCONCLUSIVE,VERY LOW,12,-46.0,0.6349,8,43.0,3.0476,ETH ONLY
SimEMAMicro,,MNQ,Long,ALL,64,44,310.0,62.5,1.3296,0.7521,ORIGINAL,1.3296,310.0,4.84,31.26,-39.19,21.54,22.38,6.0,2024-08-26,2024-12-30,PROMISING,HIGH,63,155.5,1.1653,,,,
SimZoneBotMicro,,ALL,ALL,ALL,80,43,18.0,53.75,1.0131,0.987,ORIGINAL,1.0131,18.0,0.23,32.3,-38.08,21.7,19.51,6.3,2024-08-26,2024-12-31,INCONCLUSIVE,VERY LOW,,,,,,,
SimZoneBotMicro,,M2K,Long,ALL,5,5,-53.0,20.0,0.5546,1.803,INVERSE,1.803,53.0,-10.6,66.0,-29.75,10.5,3.0,4.4,2024-08-26,2024-10-17,LOW SAMPLE,VERY LOW,5,-53.0,0.5546,,,,
SimZoneBotMicro,,MGC,Long,ALL,11,8,11.0,54.55,1.0846,0.922,ORIGINAL,1.0846,11.0,1.0,23.5,-26.0,11.0,11.55,9.8,2024-08-29,2024-10-31,INCONCLUSIVE,VERY LOW,8,43.0,1.5513,3,-32.0,0.3846,RTH ONLY
SimZoneBotMicro,,MNQ,Long,ALL,64,37,60.0,56.25,1.0535,0.9492,ORIGINAL,1.0535,60.0,0.94,32.83,-41.56,24.42,22.17,5.9,2024-08-27,2024-12-31,MARGINAL EDGE,VERY LOW,64,60.0,1.0535,,,,
Snappy,,ALL,ALL,ALL,227,34,-3195.0,59.03,0.8571,1.1667,INVERSE,1.1667,3195.0,-14.07,143.04,-248.48,90.28,69.44,2.3,2025-01-13,2025-04-24,WORTH EXPLORING,MEDIUM,,,,,,,
Snappy,,CL,Long,ALL,11,8,160.0,54.55,1.6957,0.5897,ORIGINAL,1.6957,160.0,14.55,65.0,-76.67,52.73,32.73,1.7,2025-01-23,2025-02-05,INCONCLUSIVE,LOW,4,230.0,230.0,7,-70.0,0.6957,RTH ONLY
Snappy,,CL,Short,ALL,7,7,-280.0,42.86,0.5,2.0,INVERSE,2.0,280.0,-40.0,93.33,-140.0,64.29,54.29,2.1,2025-01-27,2025-02-06,LOW SAMPLE,VERY LOW,3,-250.0,0.4444,4,-30.0,0.7273,Both Weak
Snappy,,ES,Long,ALL,12,8,-812.5,66.67,0.5667,1.7647,INVERSE,1.7647,812.5,-67.71,132.81,-468.75,202.08,101.04,2.9,2025-01-17,2025-02-04,INCONCLUSIVE,LOW,7,-1212.5,0.331,5,400.0,7.4,ETH ONLY
Snappy,,ES,Short,ALL,5,5,37.5,60.0,1.1071,0.9032,ORIGINAL,1.1071,37.5,7.5,129.17,-175.0,125.0,85.0,4.6,2025-01-20,2025-01-31,LOW SAMPLE,VERY LOW,,,,3,0.0,1.0,
Snappy,,GC,Long,ALL,26,12,-1720.0,53.85,0.5462,1.8309,INVERSE,1.8309,1720.0,-66.15,147.86,-344.55,93.72,54.87,1.8,2025-01-13,2025-02-05,WORTH EXPLORING,MEDIUM,6,-980.0,0.4235,20,-740.0,0.6459,Both Weak
Snappy,,GC,Short,ALL,24,15,1570.0,62.5,1.6542,0.6045,ORIGINAL,1.6542,1570.0,65.42,264.67,-266.67,82.43,80.62,2.3,2025-01-15,2025-02-17,WORTH EXPLORING,LOW,8,1440.0,2.5824,16,130.0,1.0872,
Snappy,,NQ,Long,ALL,40,21,-1175.0,57.5,0.7333,1.3638,INVERSE,1.3638,1175.0,-29.38,140.43,-259.12,143.88,127.25,2.1,2025-01-14,2025-04-24,PROMISING,MEDIUM,10,70.0,1.0467,30,-1245.0,0.5714,
Snappy,,NQ,Short,ALL,16,11,-565.0,43.75,0.6208,1.6108,INVERSE,1.6108,565.0,-35.31,132.14,-165.56,139.38,95.94,3.2,2025-01-14,2025-02-18,INCONCLUSIVE,LOW,,,,14,-485.0,0.6025,
Snappy,,RTY,Long,ALL,27,14,-1180.0,59.26,0.6242,1.602,INVERSE,1.602,1180.0,-43.7,122.5,-285.45,40.69,32.59,2.0,2025-01-14,2025-02-05,WORTH EXPLORING,MEDIUM,7,-1490.0,0.3118,20,310.0,1.3179,ETH ONLY
Snappy,,RTY,Short,ALL,11,6,1460.0,81.82,5.2941,0.1889,ORIGINAL,5.2941,1460.0,132.73,200.0,-170.0,26.36,47.73,1.6,2025-01-21,2025-02-03,INCONCLUSIVE,LOW,4,1340.0,1340.0,7,120.0,1.3529,Both Good
Snappy,,YM,Long,ALL,32,13,350.0,68.75,1.2029,0.8313,ORIGINAL,1.2029,350.0,10.94,94.32,-172.5,53.52,38.2,2.0,2025-01-15,2025-02-06,WORTH EXPLORING,MEDIUM,13,60.0,1.0455,19,290.0,1.716,
Snappy,,YM,Short,ALL,13,11,-700.0,53.85,0.5139,1.9459,INVERSE,1.9459,700.0,-53.85,105.71,-240.0,68.65,57.88,3.3,2025-01-17,2025-02-06,INCONCLUSIVE,LOW,5,-1010.0,0.1653,8,310.0,2.3478,ETH ONLY
Snappy-1M,,ALL,ALL,ALL,257,24,-8608.75,61.09,0.8405,1.1898,INVERSE,1.1898,8608.75,-33.5,288.89,-550.65,176.51,124.19,2.3,2026-01-16,2026-02-27,WORTH EXPLORING,MEDIUM,,,,,,,
Snappy-1M,,CL,Long,ALL,27,8,-1400.0,66.67,0.5639,1.7735,INVERSE,1.7735,1400.0,-51.85,100.56,-401.25,91.85,30.37,1.7,2026-02-03,2026-02-12,WORTH EXPLORING,LOW,14,780.0,2.6957,13,-2180.0,0.2073,RTH ONLY
Snappy-1M,,CL,Short,ALL,14,8,-70.0,78.57,0.9327,1.0722,INVERSE,1.0722,70.0,-5.0,88.18,-520.0,50.12,31.31,4.3,2026-02-03,2026-02-12,INCONCLUSIVE,VERY LOW,9,820.0,820.0,5,-890.0,0.1442,RTH ONLY
Snappy-1M,,ES,Long,ALL,26,14,-2712.5,46.15,0.5373,1.8611,INVERSE,1.8611,2712.5,-104.33,262.5,-418.75,151.44,89.9,4.8,2026-01-16,2026-02-12,WORTH EXPLORING,MEDIUM,19,-1212.5,0.7087,7,-1500.0,0.1176,Both Weak
Snappy-1M,,ES,Short,ALL,22,13,-775.0,68.18,0.7933,1.2605,INVERSE,1.2605,775.0,-35.23,198.33,-535.71,132.95,105.68,2.7,2026-01-16,2026-02-12,WORTH EXPLORING,LOW,14,25.0,1.011,8,-800.0,0.4576,
Snappy-1M,,GC,Long,ALL,40,11,-2080.0,65.0,0.8651,1.1559,INVERSE,1.1559,2080.0,-52.0,513.08,-1101.43,334.88,256.38,1.2,2026-02-03,2026-02-27,WORTH EXPLORING,MEDIUM,20,550.0,1.0863,20,-2630.0,0.7094,
Snappy-1M,,GC,Short,ALL,20,11,-2570.0,75.0,0.5794,1.726,INVERSE,1.726,2570.0,-128.5,236.0,-1222.0,275.25,104.75,1.0,2026-02-04,2026-02-27,WORTH EXPLORING,LOW,9,-3970.0,0.2898,11,1400.0,3.6923,ETH ONLY
Snappy-1M,,NQ,Long,ALL,36,17,-920.0,47.22,0.8684,1.1516,INVERSE,1.1516,920.0,-25.56,357.06,-367.89,223.61,185.0,1.6,2026-01-16,2026-02-12,WORTH EXPLORING,MEDIUM,29,-845.0,0.8648,7,-75.0,0.8986,Both Weak
Snappy-1M,,NQ,Short,ALL,23,9,-875.0,56.52,0.8454,1.1829,INVERSE,1.1829,875.0,-38.04,368.08,-566.0,204.67,161.85,2.0,2026-01-20,2026-02-11,WORTH EXPLORING,LOW,17,1695.0,1.5875,6,-2570.0,0.0739,RTH ONLY
Snappy-1M,,RTY,Long,ALL,16,8,1460.0,62.5,2.1918,0.4562,ORIGINAL,2.1918,1460.0,91.25,268.5,-204.17,51.15,55.42,2.0,2026-02-03,2026-02-12,INCONCLUSIVE,LOW,10,1170.0,2.2649,6,290.0,1.9667,Both Good
Snappy-1M,,RTY,Short,ALL,14,8,545.0,64.29,1.2891,0.7757,ORIGINAL,1.2891,545.0,38.93,270.0,-377.0,81.9,70.48,3.5,2026-02-03,2026-02-12,INCONCLUSIVE,LOW,7,455.0,1.3023,7,90.0,1.2368,Both Good
Snappy-1M,,YM,Long,ALL,11,5,735.0,63.64,1.4804,0.6755,ORIGINAL,1.4804,735.0,66.82,323.57,-382.5,93.33,69.7,2.4,2026-02-04,2026-02-12,INCONCLUSIVE,LOW,9,830.0,1.6535,,,,
Snappy-1M,,YM,Short,ALL,7,5,55.0,57.14,1.043,0.9588,ORIGINAL,1.043,55.0,7.86,333.75,-426.67,95.48,89.05,2.3,2026-02-04,2026-02-12,LOW SAMPLE,VERY LOW,5,-115.0,0.9102,,,,
Snappy-2M,,ALL,ALL,ALL,303,37,17490.0,62.38,1.2802,0.7812,ORIGINAL,1.2802,17490.0,57.72,422.86,-547.63,188.92,187.78,4.8,2026-01-06,2026-02-27,WORTH EXPLORING,MEDIUM,,,,,,,
Snappy-2M,,CL,Long,ALL,32,15,2390.0,81.25,1.9157,0.522,ORIGINAL,1.9157,2390.0,74.69,192.31,-435.0,77.92,59.9,2.2,2026-02-03,2026-02-27,STRONG EDGE,MEDIUM,18,2440.0,3.5417,14,-50.0,0.9697,
Snappy-2M,,CL,Short,ALL,14,10,-510.0,64.29,0.7302,1.3696,INVERSE,1.3696,510.0,-36.43,153.33,-378.0,78.57,42.14,2.5,2026-02-04,2026-02-26,INCONCLUSIVE,LOW,10,-140.0,0.8824,4,-370.0,0.4714,Both Weak
Snappy-2M,,ES,Long,ALL,45,25,1362.5,55.56,1.175,0.8511,ORIGINAL,1.175,1362.5,30.28,366.0,-389.38,136.81,130.83,5.4,2026-01-07,2026-02-27,WORTH EXPLORING,MEDIUM,26,1325.0,1.2663,19,37.5,1.0133,
Snappy-2M,,ES,Short,ALL,27,22,-3362.5,44.44,0.5524,1.8102,INVERSE,1.8102,3362.5,-124.54,345.83,-500.83,204.4,125.93,8.9,2026-01-06,2026-02-27,WORTH EXPLORING,MEDIUM,17,-1787.5,0.6389,10,-1575.0,0.3854,Both Weak
Snappy-2M,,GC,Long,ALL,29,12,4180.0,65.52,1.5457,0.647,ORIGINAL,1.5457,4180.0,144.14,623.16,-766.0,293.97,252.76,1.2,2026-02-03,2026-02-26,WORTH EXPLORING,MEDIUM,10,3790.0,3.1534,19,390.0,1.0661,
Snappy-2M,,GC,Short,ALL,27,12,310.0,77.78,1.0258,0.9749,ORIGINAL,1.0258,310.0,11.48,587.62,-2005.0,418.7,436.11,11.4,2026-02-04,2026-02-24,INCONCLUSIVE,VERY LOW,15,2750.0,1.5753,12,-2440.0,0.6634,RTH ONLY
Snappy-2M,,NQ,Long,ALL,44,28,9475.0,63.64,2.5381,0.394,ORIGINAL,2.5381,9475.0,215.34,558.39,-385.0,221.08,297.1,3.5,2026-01-07,2026-02-24,STRONG EDGE,MEDIUM,28,5880.0,2.1105,16,3595.0,5.1561,Both Good
Snappy-2M,,NQ,Short,ALL,19,14,2465.0,63.16,1.5041,0.6649,ORIGINAL,1.5041,2465.0,129.74,612.92,-698.57,323.95,358.95,4.3,2026-01-15,2026-02-18,INCONCLUSIVE,LOW,10,990.0,1.2716,9,1475.0,2.1847,Both Good
Snappy-2M,,RTY,Long,ALL,16,12,-405.0,50.0,0.8734,1.1449,INVERSE,1.1449,405.0,-25.31,349.38,-400.0,84.58,88.02,4.4,2026-02-03,2026-02-27,INCONCLUSIVE,LOW,10,-940.0,0.6588,6,535.0,2.2022,ETH ONLY
Snappy-2M,,RTY,Short,ALL,20,12,1970.0,70.0,1.6512,0.6056,ORIGINAL,1.6512,1970.0,98.5,356.79,-504.17,96.42,109.08,2.7,2026-02-03,2026-02-26,WORTH EXPLORING,LOW,14,1185.0,1.4255,6,785.0,4.2708,Both Good
Snappy-2M,,YM,Long,ALL,16,10,-3165.0,25.0,0.3201,3.1242,INVERSE,3.1242,3165.0,-197.81,372.5,-387.92,111.98,66.88,4.4,2026-02-04,2026-02-24,INCONCLUSIVE,LOW,9,-2235.0,0.2732,7,-930.0,0.4114,Both Weak
Snappy-2M,,YM,Short,ALL,14,11,2780.0,78.57,3.7525,0.2665,ORIGINAL,3.7525,2780.0,198.57,344.55,-336.67,84.88,103.33,6.7,2026-02-04,2026-02-26,INCONCLUSIVE,LOW,5,1930.0,4.4464,9,850.0,2.8889,Both Good
Snappy-2M-AH,,ALL,ALL,ALL,93,10,4332.5,52.69,1.5178,0.6589,ORIGINAL,1.5178,4332.5,46.59,259.18,-199.23,80.98,112.49,22.3,2026-02-15,2026-02-27,PROMISING,MEDIUM,,,,,,,
Snappy-2M-AH,,ES,Long,ALL,16,8,3275.0,75.0,5.0938,0.1963,ORIGINAL,5.0938,3275.0,204.69,339.58,-200.0,53.91,149.22,38.5,2026-02-16,2026-02-27,INCONCLUSIVE,LOW,,,,16,3275.0,5.0938,
Snappy-2M-AH,,ES,Short,ALL,20,8,-62.5,65.0,0.963,1.0385,INVERSE,1.0385,62.5,-3.12,125.0,-241.07,72.5,50.94,5.9,2026-02-16,2026-02-27,INCONCLUSIVE,VERY LOW,,,,20,-62.5,0.963,
Snappy-2M-AH,,NQ,Long,ALL,16,8,1790.0,50.0,2.3309,0.429,ORIGINAL,2.3309,1790.0,111.88,391.88,-168.12,135.31,278.44,38.3,2026-02-15,2026-02-27,INCONCLUSIVE,LOW,,,,16,1790.0,2.3309,
Snappy-2M-AH,,NQ,Short,ALL,12,8,-995.0,41.67,0.3742,2.6723,INVERSE,2.6723,995.0,-82.92,119.0,-227.14,150.0,107.5,4.8,2026-02-15,2026-02-27,INCONCLUSIVE,LOW,,,,12,-995.0,0.3742,
Snappy-2M-AH,,RTY,Long,ALL,17,8,1330.0,47.06,1.7248,0.5798,ORIGINAL,1.7248,1330.0,78.24,395.62,-203.89,46.76,72.35,37.1,2026-02-16,2026-02-27,INCONCLUSIVE,LOW,,,,17,1330.0,1.7248,
Snappy-2M-AH,,RTY,Short,ALL,12,6,-1005.0,25.0,0.0946,10.5714,INVERSE,10.5714,1005.0,-83.75,35.0,-158.57,38.2,6.67,3.0,2026-02-18,2026-02-27,INCONCLUSIVE,LOW,,,,12,-1005.0,0.0946,
Snappy-3M,,ALL,ALL,ALL,203,30,4417.5,59.11,1.079,0.9268,ORIGINAL,1.079,4417.5,21.76,502.56,-673.37,231.95,198.12,5.9,2026-01-16,2026-02-27,MARGINAL EDGE,VERY LOW,,,,,,,
Snappy-3M,,CL,Long,ALL,21,12,1300.0,61.9,1.4577,0.686,ORIGINAL,1.4577,1300.0,61.9,318.46,-355.0,112.86,77.14,4.4,2026-02-03,2026-02-26,WORTH EXPLORING,LOW,15,1360.0,1.6904,6,-60.0,0.931,
Snappy-3M,,CL,Short,ALL,10,9,-1270.0,50.0,0.5078,1.9695,INVERSE,1.9695,1270.0,-127.0,262.0,-516.0,123.0,48.0,6.5,2026-02-03,2026-02-26,INCONCLUSIVE,LOW,7,-310.0,0.7754,3,-960.0,0.2,Both Weak
Snappy-3M,,ES,Long,ALL,25,18,1887.5,60.0,1.3051,0.7663,ORIGINAL,1.3051,1887.5,75.5,538.33,-618.75,180.0,211.0,8.9,2026-01-22,2026-02-27,WORTH EXPLORING,MEDIUM,19,2725.0,1.6193,6,-837.5,0.5315,RTH ONLY
Snappy-3M,,ES,Short,ALL,18,13,-1600.0,50.0,0.6945,1.4399,INVERSE,1.4399,1600.0,-88.89,404.17,-581.94,194.44,131.25,4.4,2026-01-16,2026-02-26,INCONCLUSIVE,LOW,10,-462.5,0.8508,8,-1137.5,0.4678,Both Weak
Snappy-3M,,GC,Long,ALL,22,12,-3110.0,72.73,0.8207,1.2184,INVERSE,1.2184,3110.0,-141.36,890.0,-2891.67,563.03,471.06,6.5,2026-02-03,2026-02-26,WORTH EXPLORING,LOW,12,6800.0,3.6255,10,-9910.0,0.3286,RTH ONLY
Snappy-3M,,GC,Short,ALL,13,7,290.0,61.54,1.112,0.8993,ORIGINAL,1.112,290.0,22.31,360.0,-518.0,200.77,126.92,2.0,2026-02-09,2026-02-27,INCONCLUSIVE,LOW,5,1080.0,6.1429,8,-790.0,0.6681,RTH ONLY
Snappy-3M,,NQ,Long,ALL,25,17,-650.0,48.0,0.907,1.1025,INVERSE,1.1025,650.0,-26.0,528.33,-537.69,394.5,327.1,6.2,2026-01-16,2026-02-26,INCONCLUSIVE,LOW,16,70.0,1.0154,9,-720.0,0.7037,
Snappy-3M,,NQ,Short,ALL,13,11,350.0,53.85,1.1009,0.9084,ORIGINAL,1.1009,350.0,26.92,545.71,-578.33,366.73,275.19,4.6,2026-01-19,2026-02-20,INCONCLUSIVE,LOW,4,-500.0,0.7143,9,850.0,1.4942,ETH ONLY
Snappy-3M,,RTY,Long,ALL,16,12,120.0,50.0,1.0321,0.9689,ORIGINAL,1.0321,120.0,7.5,481.88,-466.88,102.5,114.06,6.5,2026-02-03,2026-02-24,INCONCLUSIVE,VERY LOW,10,-10.0,0.9966,6,130.0,1.1711,
Snappy-3M,,RTY,Short,ALL,11,6,2390.0,81.82,3.0515,0.3277,ORIGINAL,3.0515,2390.0,217.27,395.0,-582.5,141.82,132.27,5.9,2026-02-09,2026-02-26,INCONCLUSIVE,LOW,6,835.0,1.7167,5,1555.0,1555.0,Both Good
Snappy-3M,,YM,Long,ALL,18,10,1590.0,50.0,1.5104,0.6621,ORIGINAL,1.5104,1590.0,88.33,522.78,-346.11,97.87,111.85,4.3,2026-02-06,2026-02-24,INCONCLUSIVE,LOW,10,2085.0,2.0945,8,-495.0,0.5909,RTH ONLY
Snappy-3M,,YM,Short,ALL,11,6,3120.0,81.82,5.9524,0.168,ORIGINAL,5.9524,3120.0,283.64,416.67,-315.0,81.51,128.94,9.6,2026-02-11,2026-02-26,INCONCLUSIVE,LOW,5,3030.0,3030.0,6,90.0,1.1429,
Snappy-3M-AH,,ALL,ALL,ALL,48,8,1252.5,41.67,1.2018,0.8321,ORIGINAL,1.2018,1252.5,26.09,373.0,-221.7,109.64,121.38,29.2,2026-02-16,2026-02-27,WORTH EXPLORING,LOW,,,,,,,
Snappy-3M-AH,,ES,Long,ALL,6,5,1275.0,50.0,2.7586,0.3625,ORIGINAL,2.7586,1275.0,212.5,666.67,-241.67,79.17,231.25,99.5,2026-02-19,2026-02-27,LOW SAMPLE,VERY LOW,,,,6,1275.0,2.7586,
Snappy-3M-AH,,ES,Short,ALL,9,6,262.5,66.67,1.3443,0.7439,ORIGINAL,1.3443,262.5,29.17,170.83,-254.17,92.36,65.97,5.3,2026-02-16,2026-02-27,LOW SAMPLE,VERY LOW,,,,9,262.5,1.3443,
Snappy-3M-AH,,NQ,Long,ALL,9,7,555.0,55.56,1.6416,0.6092,ORIGINAL,1.6416,555.0,61.67,284.0,-216.25,136.11,218.33,7.4,2026-02-16,2026-02-27,LOW SAMPLE,VERY LOW,,,,9,555.0,1.6416,
Snappy-3M-AH,,NQ,Short,ALL,7,5,-605.0,28.57,0.45,2.2222,INVERSE,2.2222,605.0,-86.43,247.5,-220.0,235.71,116.43,6.6,2026-02-16,2026-02-26,LOW SAMPLE,VERY LOW,,,,7,-605.0,0.45,
Snappy-3M-AH,,RTY,Long,ALL,12,6,510.0,25.0,1.2636,0.7914,ORIGINAL,1.2636,510.0,42.5,815.0,-215.0,66.25,85.83,52.1,2026-02-17,2026-02-27,INCONCLUSIVE,LOW,,,,12,510.0,1.2636,
Snappy-3M-AH,,RTY,Short,ALL,5,4,-745.0,20.0,0.0915,10.9333,INVERSE,10.9333,745.0,-149.0,75.0,-205.0,57.33,7.0,4.2,2026-02-16,2026-02-26,LOW SAMPLE,VERY LOW,,,,5,-745.0,0.0915,
Snappy-5M,,ALL,ALL,ALL,64,13,-4630.0,56.25,0.8101,1.2344,INVERSE,1.2344,4630.0,-72.34,548.61,-870.71,291.34,218.24,7.4,2026-01-16,2026-02-12,WORTH EXPLORING,MEDIUM,,,,,,,
Snappy-5M,,CL,Long,ALL,6,4,1430.0,100.0,1430.0,0.0,ORIGINAL,1430.0,1430.0,238.33,238.33,0,31.11,87.78,1.8,2026-02-04,2026-02-09,LOW SAMPLE,VERY LOW,3,800.0,800.0,3,630.0,630.0,Both Good
Snappy-5M,,ES,Long,ALL,9,6,-2275.0,44.44,0.4615,2.1667,INVERSE,2.1667,2275.0,-252.78,487.5,-845.0,338.89,204.17,9.8,2026-01-20,2026-02-11,LOW SAMPLE,VERY LOW,5,-1450.0,0.4579,4,-825.0,0.4677,Both Weak
Snappy-5M,,ES,Short,ALL,5,4,1525.0,80.0,4.8125,0.2078,ORIGINAL,4.8125,1525.0,305.0,481.25,-400.0,100.0,212.5,7.0,2026-01-16,2026-02-11,LOW SAMPLE,VERY LOW,5,1525.0,4.8125,,,,
Snappy-5M,,GC,Long,ALL,7,4,2090.0,71.43,1.6202,0.6172,ORIGINAL,1.6202,2090.0,298.57,1092.0,-1685.0,400.0,445.71,2.1,2026-02-05,2026-02-12,LOW SAMPLE,VERY LOW,4,4820.0,4820.0,3,-2730.0,0.1899,RTH ONLY
Snappy-5M,,NQ,Long,ALL,9,6,-2745.0,44.44,0.4109,2.4334,INVERSE,2.4334,2745.0,-305.0,478.75,-932.0,681.94,371.94,14.7,2026-01-20,2026-02-11,LOW SAMPLE,VERY LOW,7,-1465.0,0.54,,,,
Snappy-5M,,NQ,Short,ALL,5,4,-1630.0,40.0,0.5269,1.8981,INVERSE,1.8981,1630.0,-326.0,907.5,-1148.33,504.0,271.0,9.0,2026-01-20,2026-02-11,LOW SAMPLE,VERY LOW,4,-1195.0,0.603,,,,
Snappy-5M,,RTY,Long,ALL,12,7,-1595.0,41.67,0.6338,1.5779,INVERSE,1.5779,1595.0,-132.92,552.0,-622.14,138.47,113.61,4.7,2026-02-03,2026-02-12,INCONCLUSIVE,LOW,8,-505.0,0.8282,4,-1090.0,0.2297,Both Weak
Snappy-5M,,RTY,Short,ALL,4,4,-750.0,50.0,0.5726,1.7463,INVERSE,1.7463,750.0,-187.5,502.5,-877.5,167.5,137.5,9.7,2026-02-03,2026-02-11,LOW SAMPLE,VERY LOW,3,-265.0,0.7913,,,,
Snappy-5M,,YM,Long,ALL,3,3,210.0,66.67,1.2727,0.7857,ORIGINAL,1.2727,210.0,70.0,490.0,-770.0,191.11,165.56,5.4,2026-02-09,2026-02-11,LOW SAMPLE,VERY LOW,3,210.0,1.2727,,,,
Snappy-5M,,YM,Short,ALL,3,3,-1010.0,33.33,0.2786,3.5897,INVERSE,3.5897,1010.0,-336.67,390.0,-700.0,175.56,89.44,11.2,2026-02-04,2026-02-12,LOW SAMPLE,VERY LOW,,,,,,,
Snappy-LTF,,ALL,ALL,ALL,47,8,-397.0,55.32,0.8526,1.1729,INVERSE,1.1729,397.0,-8.45,88.33,-134.68,46.77,42.62,0.8,2025-02-05,2025-02-13,WORTH EXPLORING,LOW,,,,,,,
Snappy-LTF,,MNQ,Long,ALL,7,2,-361.5,57.14,0.4738,2.1106,INVERSE,2.1106,361.5,-51.64,81.38,-229.0,6.23,2.91,1.3,2025-02-10,2025-02-11,LOW SAMPLE,VERY LOW,,,,7,-361.5,0.4738,
Snappy-LTF,,NQ,Long,ALL,29,8,-280.0,51.72,0.8,1.25,INVERSE,1.25,280.0,-9.66,74.67,-107.69,56.81,46.47,0.7,2025-02-05,2025-02-13,WORTH EXPLORING,LOW,8,-30.0,0.9483,21,-250.0,0.6951,
Snappy-LTF,,NQ,Short,ALL,9,5,330.0,66.67,1.8148,0.551,ORIGINAL,1.8148,330.0,36.67,122.5,-135.0,55.56,70.0,0.5,2025-02-05,2025-02-13,LOW SAMPLE,VERY LOW,4,355.0,2.6905,5,-25.0,0.8718,RTH ONLY
Snappy-Short,,ALL,ALL,ALL,66,27,-1607.5,48.48,0.8637,1.1578,INVERSE,1.1578,1607.5,-24.36,318.44,-346.99,193.59,148.83,3.6,2025-02-19,2025-04-24,WORTH EXPLORING,MEDIUM,,,,,,,
Snappy-Short,,ES,Short,ALL,11,8,387.5,54.55,1.2168,0.8218,ORIGINAL,1.2168,387.5,35.23,362.5,-357.5,126.7,132.39,1.6,2025-02-20,2025-03-05,INCONCLUSIVE,LOW,5,625.0,1.6098,6,-237.5,0.6885,RTH ONLY
Snappy-Short,,GC,Short,ALL,35,21,-550.0,54.29,0.9149,1.0931,INVERSE,1.0931,550.0,-15.71,311.05,-403.75,158.19,152.1,4.0,2025-02-20,2025-04-24,INCONCLUSIVE,VERY LOW,6,-80.0,0.9216,29,-470.0,0.9136,
Snappy-Short,,NQ,Short,ALL,13,9,-1125.0,30.77,0.5771,1.7329,INVERSE,1.7329,1125.0,-86.54,383.75,-295.56,421.92,211.92,4.6,2025-02-19,2025-03-17,INCONCLUSIVE,LOW,5,340.0,1.3077,8,-1465.0,0.0579,RTH ONLY
Snappy-Short,,RTY,Short,ALL,7,6,-320.0,42.86,0.6404,1.5614,INVERSE,1.5614,320.0,-45.71,190.0,-222.5,51.67,41.19,3.0,2025-02-19,2025-03-03,LOW SAMPLE,VERY LOW,,,,5,-395.0,0.378,
Theodore,,ALL,ALL,ALL,16,6,-545.5,56.25,0.5221,1.9153,INVERSE,1.9153,545.5,-34.09,66.22,-163.07,89.47,36.69,6.0,2024-12-20,2024-12-31,INCONCLUSIVE,LOW,,,,,,,
Theodore,,MNQ,Long,ALL,8,4,-30.5,50.0,0.9104,1.0984,INVERSE,1.0984,30.5,-3.81,77.5,-85.12,39.06,26.69,8.7,2024-12-24,2024-12-31,LOW SAMPLE,VERY LOW,8,-30.5,0.9104,,,,
Theodore,,MNQ,Short,ALL,3,2,5.0,66.67,1.0355,0.9658,ORIGINAL,1.0355,5.0,1.67,73.0,-141.0,29.67,32.83,1.9,2024-12-26,2024-12-31,LOW SAMPLE,VERY LOW,3,5.0,1.0355,,,,
Theodore,,RTY,Long,ALL,4,3,5.0,75.0,1.037,0.9643,ORIGINAL,1.037,5.0,1.25,46.67,-135.0,63.75,43.75,2.9,2024-12-26,2024-12-30,LOW SAMPLE,VERY LOW,4,5.0,1.037,,,,
VWMA-Cross,,ALL,ALL,ALL,162,21,-140.0,46.91,0.9912,1.0089,INVERSE,1.0089,140.0,-0.86,207.66,-187.32,141.06,155.93,5.2,2025-12-15,2026-01-23,INCONCLUSIVE,VERY LOW,,,,,,,
VWMA-Cross,,ES,Long,ALL,12,7,-287.5,50.0,0.7051,1.4182,INVERSE,1.4182,287.5,-23.96,114.58,-162.5,125.0,107.29,6.7,2026-01-13,2026-01-23,INCONCLUSIVE,LOW,5,-650.0,0.1186,7,362.5,2.5263,ETH ONLY
VWMA-Cross,,ES,Short,ALL,23,8,-262.5,43.48,0.8552,1.1694,INVERSE,1.1694,262.5,-11.41,155.0,-139.42,103.8,104.89,4.7,2026-01-09,2026-01-23,WORTH EXPLORING,LOW,18,-300.0,0.8154,5,37.5,1.2,ETH ONLY
VWMA-Cross,,NQ,Long,ALL,39,14,-1180.0,48.72,0.8294,1.2058,INVERSE,1.2058,1180.0,-30.26,301.84,-345.75,246.67,258.08,6.3,2025-12-15,2026-01-21,WORTH EXPLORING,MEDIUM,27,-1050.0,0.8052,12,-130.0,0.9148,
VWMA-Cross,,NQ,Short,ALL,39,15,2215.0,51.28,1.5531,0.6439,ORIGINAL,1.5531,2215.0,56.79,311.0,-222.5,152.82,215.26,4.3,2025-12-19,2026-01-23,STRONG EDGE,MEDIUM,25,1145.0,1.3754,14,1070.0,2.1204,Both Good
VWMA-Cross,,RTY,Long,ALL,24,6,-420.0,41.67,0.6129,1.6316,INVERSE,1.6316,420.0,-17.5,66.5,-77.5,64.58,48.54,4.0,2026-01-12,2026-01-23,WORTH EXPLORING,LOW,11,-580.0,0.2611,13,160.0,1.5333,ETH ONLY
VWMA-Cross,,RTY,Short,ALL,25,7,-205.0,44.0,0.8186,1.2216,INVERSE,1.2216,205.0,-8.2,84.09,-80.71,73.4,77.4,5.9,2026-01-09,2026-01-22,WORTH EXPLORING,LOW,23,-355.0,0.6858,,,,
VWMA-Crossover-2M,,ALL,ALL,ALL,14,4,675.0,50.0,1.2842,0.7787,ORIGINAL,1.2842,675.0,48.21,435.71,-339.29,132.14,161.61,6.6,2026-02-24,2026-02-27,INCONCLUSIVE,LOW,,,,,,,
VWMA-Crossover-2M,,ES,Long,ALL,14,4,675.0,50.0,1.2842,0.7787,ORIGINAL,1.2842,675.0,48.21,435.71,-339.29,132.14,161.61,6.6,2026-02-24,2026-02-27,INCONCLUSIVE,LOW,10,700.0,1.359,4,-25.0,0.9412,
VWMA-Wick-1M,,ALL,ALL,ALL,197,51,215.0,48.73,1.009,0.9911,ORIGINAL,1.009,215.0,1.09,250.89,-238.7,167.21,174.92,2.5,2025-12-05,2026-02-27,INCONCLUSIVE,VERY LOW,,,,,,,
VWMA-Wick-1M,,NQ,Long,ALL,92,40,-905.0,45.65,0.9143,1.0937,INVERSE,1.0937,905.0,-9.84,230.0,-211.3,160.11,153.91,3.1,2025-12-08,2026-02-27,MARGINAL EDGE,VERY LOW,57,-505.0,0.9386,35,-400.0,0.8287,
VWMA-Wick-1M,,NQ,Short,ALL,105,37,1120.0,51.43,1.0842,0.9224,ORIGINAL,1.0842,1120.0,10.67,267.13,-266.1,173.43,193.33,2.0,2025-12-05,2026-02-27,MARGINAL EDGE,VERY LOW,83,805.0,1.0678,22,315.0,1.2211,
VWMA-Wick-2M,,ALL,ALL,ALL,96,41,-970.0,46.88,0.932,1.0729,INVERSE,1.0729,970.0,-10.1,295.56,-279.8,223.33,212.86,6.1,2025-12-04,2026-02-25,MARGINAL EDGE,VERY LOW,,,,,,,
VWMA-Wick-2M,,NQ,Long,ALL,46,27,-2240.0,41.3,0.7134,1.4018,INVERSE,1.4018,2240.0,-48.7,293.42,-289.44,233.7,212.72,5.8,2025-12-05,2026-02-25,PROMISING,MEDIUM,23,-1170.0,0.7383,23,-1070.0,0.6801,Both Weak
VWMA-Wick-2M,,NQ,Short,ALL,50,33,1270.0,52.0,1.1967,0.8356,ORIGINAL,1.1967,1270.0,25.4,297.12,-268.96,213.8,213.0,6.3,2025-12-04,2026-02-25,WORTH EXPLORING,MEDIUM,32,2035.0,1.4868,18,-765.0,0.6637,RTH ONLY
ZenTrend,,ALL,ALL,ALL,35,10,1455.0,57.14,1.2115,0.8254,ORIGINAL,1.2115,1455.0,41.57,416.75,-458.67,331.29,430.29,24.1,2025-12-01,2025-12-12,WORTH EXPLORING,MEDIUM,,,,,,,
ZenTrend,,NQ,Long,ALL,23,7,1020.0,52.17,1.2234,0.8174,ORIGINAL,1.2234,1020.0,44.35,465.42,-415.0,308.04,437.61,27.8,2025-12-01,2025-12-12,WORTH EXPLORING,LOW,15,890.0,1.2279,8,130.0,1.197,Both Good
ZenTrend,,NQ,Short,ALL,12,8,435.0,66.67,1.1879,0.8418,ORIGINAL,1.1879,435.0,36.25,343.75,-578.75,375.83,416.25,17.2,2025-12-02,2025-12-12,INCONCLUSIVE,LOW,8,-355.0,0.8467,4,790.0,790.0,ETH ONLY
ZenTrend-2M,,ALL,ALL,ALL,238,50,1825.0,43.28,1.0455,0.9565,ORIGINAL,1.0455,1825.0,7.67,407.04,-297.04,235.34,255.08,4.7,2025-12-15,2026-02-26,INCONCLUSIVE,VERY LOW,,,,,,,
ZenTrend-2M,,NQ,Long,ALL,145,49,4085.0,46.9,1.1832,0.8451,ORIGINAL,1.1832,4085.0,28.17,387.94,-289.55,227.86,252.07,4.8,2025-12-15,2026-02-26,WORTH EXPLORING,MEDIUM,93,5215.0,1.3092,52,-1130.0,0.7919,RTH ONLY
ZenTrend-2M,,NQ,Short,ALL,93,41,-2260.0,37.63,0.8731,1.1454,INVERSE,1.1454,2260.0,-24.3,444.14,-306.98,246.99,259.78,4.6,2025-12-15,2026-02-23,MARGINAL EDGE,LOW,59,350.0,1.0284,34,-2610.0,0.525,
ZenTrend-3M,,ALL,ALL,ALL,153,46,2005.0,45.1,1.0735,0.9315,ORIGINAL,1.0735,2005.0,13.1,424.49,-324.82,263.63,321.05,9.8,2025-12-15,2026-02-27,MARGINAL EDGE,VERY LOW,,,,,,,
ZenTrend-3M,,NQ,Long,ALL,102,41,1565.0,47.06,1.0963,0.9122,ORIGINAL,1.0963,1565.0,15.34,371.25,-301.02,242.94,283.24,9.8,2025-12-17,2026-02-27,MARGINAL EDGE,VERY LOW,62,2585.0,1.2249,40,-1020.0,0.7857,RTH ONLY
ZenTrend-3M,,NQ,Short,ALL,51,32,440.0,41.18,1.0399,0.9616,ORIGINAL,1.0399,440.0,8.63,546.19,-367.67,305.0,396.67,9.9,2025-12-15,2026-02-27,INCONCLUSIVE,VERY LOW,33,1180.0,1.1468,18,-740.0,0.7525,
ZenTrend-5M,,ALL,ALL,ALL,70,35,5695.0,51.43,1.3657,0.7323,ORIGINAL,1.3657,5695.0,81.36,590.83,-458.09,342.57,461.64,11.8,2025-12-16,2026-02-27,PROMISING,HIGH,,,,,,,
ZenTrend-5M,,NQ,Long,ALL,48,29,2400.0,50.0,1.2178,0.8212,ORIGINAL,1.2178,2400.0,50.0,559.17,-459.17,347.71,430.94,13.6,2025-12-16,2026-02-27,WORTH EXPLORING,MEDIUM,26,1025.0,1.1241,22,1375.0,1.4982,
ZenTrend-5M,,NQ,Short,ALL,22,18,3295.0,54.55,1.7234,0.5803,ORIGINAL,1.7234,3295.0,149.77,654.17,-455.5,331.36,528.64,7.7,2025-12-16,2026-02-27,WORTH EXPLORING,LOW,13,4015.0,2.9211,9,-720.0,0.7079,RTH ONLY
Zone-Break,,ALL,ALL,ALL,198,75,-1532.5,58.59,0.9504,1.0522,INVERSE,1.0522,1532.5,-7.74,253.19,-376.86,162.14,153.52,5.3,2024-10-02,2025-02-04,MARGINAL EDGE,VERY LOW,,,,,,,
Zone-Break,,CL,Long,ALL,31,23,1430.0,64.52,1.4628,0.6836,ORIGINAL,1.4628,1430.0,46.13,226.0,-280.91,81.29,93.87,6.3,2024-10-02,2024-12-09,PROMISING,MEDIUM,31,1430.0,1.4628,,,,
Zone-Break,,ES,Long,ALL,49,37,3025.0,67.35,1.4745,0.6782,ORIGINAL,1.4745,3025.0,61.73,284.85,-398.44,127.42,125.13,5.5,2024-10-03,2025-01-31,PROMISING,MEDIUM,48,2700.0,1.4235,,,,
Zone-Break,,GC,Long,ALL,20,15,-470.0,60.0,0.8385,1.1926,INVERSE,1.1926,470.0,-23.5,203.33,-363.75,112.5,95.5,4.1,2024-10-07,2024-12-03,WORTH EXPLORING,LOW,14,-560.0,0.7627,6,90.0,1.1636,ETH ONLY
Zone-Break,,MES,Long,ALL,8,5,-52.5,50.0,0.6182,1.6176,INVERSE,1.6176,52.5,-6.56,21.25,-34.38,10.94,5.78,3.6,2024-10-16,2024-10-24,LOW SAMPLE,VERY LOW,8,-52.5,0.6182,,,,
Zone-Break,,NQ,Long,ALL,65,42,-4840.0,46.15,0.6701,1.4924,INVERSE,1.4924,4840.0,-74.46,327.67,-419.14,294.46,272.23,5.2,2024-10-02,2025-02-04,PROMISING,HIGH,65,-4840.0,0.6701,,,,
Zone-Break,,RTY,Long,ALL,24,20,-875.0,66.67,0.7648,1.3076,INVERSE,1.3076,875.0,-36.46,177.81,-465.0,75.0,63.75,5.5,2024-10-04,2024-12-06,WORTH EXPLORING,LOW,24,-875.0,0.7648,,,,
Zone-Wick,,ALL,ALL,ALL,72,39,-1260.0,56.94,0.9147,1.0932,INVERSE,1.0932,1260.0,-17.5,329.76,-476.77,281.63,217.72,5.4,2025-02-21,2025-06-09,MARGINAL EDGE,VERY LOW,,,,,,,
Zone-Wick,,NQ,Long,ALL,37,27,-1260.0,54.05,0.8642,1.1572,INVERSE,1.1572,1260.0,-34.05,400.75,-545.59,339.29,241.72,5.9,2025-03-03,2025-06-09,WORTH EXPLORING,MEDIUM,14,1055.0,1.2709,23,-2315.0,0.5697,RTH ONLY
Zone-Wick,,NQ,Short,ALL,35,24,0.0,60.0,1.0,1.0,ORIGINAL,1.0,0.0,0.0,262.14,-393.21,220.68,192.36,4.8,2025-02-21,2025-06-05,INCONCLUSIVE,VERY LOW,12,695.0,1.3382,23,-695.0,0.7986,RTH ONLY
ZoneBot,,ALL,ALL,ALL,361,141,-929.5,48.2,0.9809,1.0195,INVERSE,1.0195,929.5,-2.57,273.84,-265.45,138.74,133.73,8.1,2024-08-01,2026-02-06,INCONCLUSIVE,VERY LOW,,,,,,,
ZoneBot,,ES,Long,ALL,87,33,-5012.5,40.23,0.6835,1.463,INVERSE,1.463,5012.5,-57.61,309.29,-310.54,148.28,144.25,12.0,2024-08-22,2026-02-06,PROMISING,HIGH,36,-3325.0,0.6585,51,-1687.5,0.7234,Both Weak
ZoneBot,,GC,Long,ALL,25,19,-1300.0,64.0,0.7098,1.4088,INVERSE,1.4088,1300.0,-52.0,198.75,-497.78,122.8,103.2,7.7,2024-08-02,2024-11-06,WORTH EXPLORING,MEDIUM,20,-1460.0,0.6557,5,160.0,1.6667,ETH ONLY
ZoneBot,,MES,Long,ALL,34,11,-430.0,29.41,0.6904,1.4485,INVERSE,1.4485,430.0,-12.65,95.88,-63.12,6.83,8.02,5.7,2025-12-10,2025-12-24,PROMISING,MEDIUM,21,38.75,1.0536,13,-468.75,0.2964,
ZoneBot,,MES,Short,ALL,25,8,495.0,32.0,1.5064,0.6638,ORIGINAL,1.5064,495.0,19.8,184.06,-61.09,9.75,15.85,5.8,2025-12-10,2025-12-23,WORTH EXPLORING,LOW,8,481.25,2.2833,17,13.75,1.0228,
ZoneBot,,MNQ,Long,ALL,24,7,-192.0,33.33,0.5919,1.6894,INVERSE,1.6894,192.0,-8.0,34.81,-29.41,24.44,27.0,11.3,2025-11-17,2025-11-25,WORTH EXPLORING,LOW,,,,23,-141.5,0.6631,
ZoneBot,,MNQ,Short,ALL,20,7,25.0,40.0,1.0706,0.934,ORIGINAL,1.0706,25.0,1.25,47.38,-29.5,24.73,32.77,8.2,2025-11-17,2025-11-25,INCONCLUSIVE,VERY LOW,,,,18,109.0,1.4037,
ZoneBot,,NQ,Long,ALL,120,78,5345.0,62.5,1.266,0.7899,ORIGINAL,1.266,5345.0,44.54,339.2,-446.56,245.19,239.4,5.6,2024-08-01,2025-06-03,WORTH EXPLORING,MEDIUM,104,4310.0,1.2377,16,1035.0,1.5281,Both Good
ZoneBot,,RTY,Long,ALL,11,10,-1730.0,36.36,0.4272,2.3411,INVERSE,2.3411,1730.0,-157.27,322.5,-431.43,105.45,66.82,7.2,2024-08-01,2024-10-17,INCONCLUSIVE,LOW,11,-1730.0,0.4272,,,,
ZoneBot,,YM,Long,ALL,9,6,100.0,66.67,1.0617,0.9419,ORIGINAL,1.0617,100.0,11.11,286.67,-540.0,93.52,90.37,12.6,2024-12-23,2025-01-27,LOW SAMPLE,VERY LOW,9,100.0,1.0617,,,,
ZoneBot-Other,,ALL,ALL,ALL,170,82,925.0,58.82,1.0364,0.9648,ORIGINAL,1.0364,925.0,5.44,263.15,-367.97,110.47,104.71,6.2,2024-07-30,2025-02-05,INCONCLUSIVE,VERY LOW,,,,,,,
ZoneBot-Other,,CL,Long,ALL,12,7,-750.0,50.0,0.7,1.4286,INVERSE,1.4286,750.0,-62.5,291.67,-416.67,86.67,76.67,4.5,2024-07-31,2024-09-03,INCONCLUSIVE,LOW,12,-750.0,0.7,,,,
ZoneBot-Other,,ES,Long,ALL,79,58,3050.0,65.82,1.2871,0.777,ORIGINAL,1.2871,3050.0,38.61,262.98,-393.52,116.14,109.49,5.4,2024-07-30,2025-02-05,WORTH EXPLORING,MEDIUM,78,2725.0,1.2565,,,,
ZoneBot-Other,,GC,Long,ALL,18,11,-20.0,44.44,0.9936,1.0064,INVERSE,1.0064,20.0,-1.11,388.75,-347.78,127.22,128.33,10.8,2024-09-09,2025-01-10,INCONCLUSIVE,VERY LOW,13,830.0,1.456,5,-850.0,0.3511,RTH ONLY
ZoneBot-Other,,GC,Short,ALL,18,11,940.0,61.11,1.7015,0.5877,ORIGINAL,1.7015,940.0,52.22,207.27,-191.43,117.78,153.89,4.9,2024-09-26,2024-10-24,INCONCLUSIVE,LOW,15,1220.0,2.2449,3,-280.0,0.2222,RTH ONLY
ZoneBot-Other,,RTY,Long,ALL,27,22,-1660.0,62.96,0.744,1.344,INVERSE,1.344,1660.0,-61.48,283.82,-648.5,92.22,77.96,7.1,2024-09-10,2024-12-05,WORTH EXPLORING,MEDIUM,27,-1660.0,0.744,,,,
ZoneBot-Other,,RTY,Short,ALL,15,12,-610.0,40.0,0.5253,1.9037,INVERSE,1.9037,610.0,-40.67,112.5,-142.78,110.67,69.67,6.1,2024-09-30,2024-10-23,INCONCLUSIVE,LOW,15,-610.0,0.5253,,,,
ZoneBot-Runner,,ALL,ALL,ALL,31,17,-327.5,54.84,0.9549,1.0473,INVERSE,1.0473,327.5,-10.56,407.47,-518.18,74.34,107.23,56.5,2024-10-29,2025-01-13,INCONCLUSIVE,VERY LOW,,,,,,,
ZoneBot-Runner,,ES,Long,ALL,4,3,937.5,100.0,937.5,0.0,ORIGINAL,937.5,937.5,234.38,234.38,0,93.75,143.75,7.4,2024-10-31,2024-11-05,LOW SAMPLE,VERY LOW,4,937.5,937.5,,,,
ZoneBot-Runner,,MNQ,Long,ALL,20,16,-1768.5,45.0,0.6807,1.469,INVERSE,1.469,1768.5,-88.42,419.0,-503.59,33.71,40.24,22.9,2024-10-29,2025-01-13,WORTH EXPLORING,LOW,20,-1768.5,0.6807,,,,
ZoneBot-Runner,,RTY,Long,ALL,3,3,745.0,33.33,2.1732,0.4601,ORIGINAL,2.1732,745.0,248.33,1380.0,-317.5,100.0,455.0,66.6,2024-10-29,2024-11-05,LOW SAMPLE,VERY LOW,3,745.0,2.1732,,,,
ZoneBotShort,,ALL,ALL,ALL,126,73,1367.5,53.97,1.0695,0.935,ORIGINAL,1.0695,1367.5,10.85,309.52,-339.31,249.49,235.13,7.1,2024-08-06,2025-02-05,MARGINAL EDGE,VERY LOW,,,,,,,
ZoneBotShort,,GC,Short,ALL,10,7,-630.0,50.0,0.5655,1.7683,INVERSE,1.7683,630.0,-63.0,164.0,-290.0,176.0,105.0,12.6,2024-11-04,2024-12-06,INCONCLUSIVE,LOW,7,-200.0,0.7753,3,-430.0,0.2321,Both Weak
ZoneBotShort,,NQ,Short,ALL,97,65,510.0,50.52,1.0289,0.9719,ORIGINAL,1.0289,510.0,5.26,370.92,-368.02,290.98,272.32,6.2,2024-08-06,2025-02-03,INCONCLUSIVE,VERY LOW,97,510.0,1.0289,,,,
ZoneBotShort,,RTY,Short,ALL,16,14,680.0,68.75,2.2035,0.4538,ORIGINAL,2.2035,680.0,42.5,113.18,-113.0,75.0,93.75,9.3,2024-09-23,2025-02-05,INCONCLUSIVE,LOW,16,680.0,2.2035,,,,
ZoneBotShort-Micro,,ALL,ALL,ALL,21,16,404.0,42.86,1.983,0.5043,ORIGINAL,1.983,404.0,19.24,90.56,-34.25,27.62,48.5,5.3,2024-09-03,2024-12-12,WORTH EXPLORING,LOW,,,,,,,
ZoneBotShort-Micro,,MNQ,Short,ALL,20,15,-61.0,40.0,0.8516,1.1743,INVERSE,1.1743,61.0,-3.05,43.75,-34.25,29.0,27.68,5.2,2024-09-04,2024-12-12,WORTH EXPLORING,LOW,20,-61.0,0.8516,,,,
ZoneBreak-Micro,,ALL,ALL,ALL,10,7,120.0,80.0,3.2857,0.3043,ORIGINAL,3.2857,120.0,12.0,21.56,-26.25,7.12,12.25,7.2,2024-11-18,2024-12-10,INCONCLUSIVE,LOW,,,,,,,
ZoneBreak-Micro,,MES,Long,ALL,10,7,120.0,80.0,3.2857,0.3043,ORIGINAL,3.2857,120.0,12.0,21.56,-26.25,7.12,12.25,7.2,2024-11-18,2024-12-10,INCONCLUSIVE,LOW,10,120.0,3.2857,,,,
ZoneBreak-Runner,,ALL,ALL,ALL,75,36,-3511.0,53.33,0.807,1.2391,INVERSE,1.2391,3511.0,-46.81,367.09,-519.84,64.72,91.54,11.8,2024-11-11,2025-01-10,WORTH EXPLORING,MEDIUM,,,,,,,
ZoneBreak-Runner,,CL,Long,ALL,11,8,-820.0,54.55,0.5859,1.7069,INVERSE,1.7069,820.0,-74.55,193.33,-396.0,77.27,89.09,7.1,2024-11-12,2024-12-05,INCONCLUSIVE,LOW,11,-820.0,0.5859,,,,
ZoneBreak-Runner,,ES,Long,ALL,12,9,1975.0,83.33,2.6458,0.378,ORIGINAL,2.6458,1975.0,164.58,317.5,-600.0,70.83,196.88,15.3,2024-11-11,2024-12-03,INCONCLUSIVE,LOW,12,1975.0,2.6458,,,,
ZoneBreak-Runner,,GC,Long,ALL,7,6,-1080.0,57.14,0.4286,2.3333,INVERSE,2.3333,1080.0,-154.29,202.5,-630.0,135.71,124.29,6.9,2024-11-13,2024-12-03,LOW SAMPLE,VERY LOW,5,-690.0,0.5106,,,,
ZoneBreak-Runner,,MES,Long,ALL,14,12,-1487.5,42.86,0.6274,1.5938,INVERSE,1.5938,1487.5,-106.25,417.5,-499.06,20.27,25.0,13.8,2024-12-10,2025-01-08,INCONCLUSIVE,LOW,14,-1487.5,0.6274,,,,
ZoneBreak-Runner,,MNQ,Long,ALL,16,12,-517.5,37.5,0.9146,1.0933,INVERSE,1.0933,517.5,-32.34,924.08,-606.2,36.46,55.58,11.5,2024-11-18,2025-01-10,INCONCLUSIVE,VERY LOW,16,-517.5,0.9146,,,,
ZoneBreak-Runner,,RTY,Long,ALL,13,11,-1930.0,46.15,0.3713,2.693,INVERSE,2.693,1930.0,-148.46,190.0,-438.57,100.77,106.92,9.1,2024-11-12,2024-12-06,INCONCLUSIVE,LOW,13,-1930.0,0.3713,,,,
